2026-10-07T16:55:16.368-06:00  INFO 20972 --- [gestion-incidencias-operativas] [main] .GestionIncidenciasOperativasApplication : Starting GestionIncidenciasOperativasApplication using Java 21.0.7 with PID 20972 (E:\xfiles\MisProyectos\gestion-incidencias-operativas_ws\gestion-incidencias-operativas\target\classes started by 325934 in E:\xfiles\MisProyectos\gestion-incidencias-operativas_ws\gestion-incidencias-operativas)
2026-10-07T16:55:16.387-06:00  INFO 20972 --- [gestion-incidencias-operativas] [main] .GestionIncidenciasOperativasApplication : The following 1 profile is active: "local"
2026-10-07T16:55:17.848-06:00  INFO 20972 --- [gestion-incidencias-operativas] [main] .s.d.r.c.RepositoryConfigurationDelegate : Bootstrapping Spring Data JPA repositories in DEFAULT mode.
2026-10-07T16:55:18.047-06:00  INFO 20972 --- [gestion-incidencias-operativas] [main] .s.d.r.c.RepositoryConfigurationDelegate : Finished Spring Data repository scanning in 185 ms. Found 8 JPA repository interfaces.
2026-10-07T16:55:18.777-06:00  INFO 20972 --- [gestion-incidencias-operativas] [main] o.s.b.w.embedded.tomcat.TomcatWebServer  : Tomcat initialized with port 8081 (http)
2026-10-07T16:55:18.802-06:00  INFO 20972 --- [gestion-incidencias-operativas] [main] o.apache.catalina.core.StandardService   : Starting service [Tomcat]
2026-10-07T16:55:18.803-06:00  INFO 20972 --- [gestion-incidencias-operativas] [main] o.apache.catalina.core.StandardEngine    : Starting Servlet engine: [Apache Tomcat/10.1.40]
2026-10-07T16:55:18.910-06:00  INFO 20972 --- [gestion-incidencias-operativas] [main] o.a.c.c.C.[Tomcat].[localhost].[/]       : Initializing Spring embedded WebApplicationContext
2026-10-07T16:55:18.911-06:00  INFO 20972 --- [gestion-incidencias-operativas] [main] w.s.c.ServletWebServerApplicationContext : Root WebApplicationContext: initialization completed in 2439 ms
2026-10-07T16:55:19.177-06:00  INFO 20972 --- [gestion-incidencias-operativas] [main] o.hibernate.jpa.internal.util.LogHelper  : HHH000204: Processing PersistenceUnitInfo [name: default]
2026-10-07T16:55:19.296-06:00  INFO 20972 --- [gestion-incidencias-operativas] [main] org.hibernate.Version                    : HHH000412: Hibernate ORM core version 6.6.13.Final
2026-10-07T16:55:19.379-06:00  INFO 20972 --- [gestion-incidencias-operativas] [main] o.h.c.internal.RegionFactoryInitiator    : HHH000026: Second-level cache disabled
2026-10-07T16:55:19.809-06:00  INFO 20972 --- [gestion-incidencias-operativas] [main] o.s.o.j.p.SpringPersistenceUnitInfo      : No LoadTimeWeaver setup: ignoring JPA class transformer
2026-10-07T16:55:19.860-06:00  INFO 20972 --- [gestion-incidencias-operativas] [main] com.zaxxer.hikari.HikariDataSource       : HikariPool-1 - Starting...
2026-10-07T16:55:20.071-06:00  INFO 20972 --- [gestion-incidencias-operativas] [main] com.zaxxer.hikari.pool.HikariPool        : HikariPool-1 - Added connection com.mysql.cj.jdbc.ConnectionImpl@6dd20ec9
2026-10-07T16:55:20.075-06:00  INFO 20972 --- [gestion-incidencias-operativas] [main] com.zaxxer.hikari.HikariDataSource       : HikariPool-1 - Start completed.
2026-10-07T16:55:20.209-06:00  INFO 20972 --- [gestion-incidencias-operativas] [main] org.hibernate.orm.connections.pooling    : HHH10001005: Database info:
	Database JDBC URL [Connecting through datasource 'HikariDataSource (HikariPool-1)']
	Database driver: undefined/unknown
	Database version: 9.7.1
	Autocommit mode: undefined/unknown
	Isolation level: undefined/unknown
	Minimum pool size: undefined/unknown
	Maximum pool size: undefined/unknown
2026-10-07T16:55:21.789-06:00  INFO 20972 --- [gestion-incidencias-operativas] [main] o.h.e.t.j.p.i.JtaPlatformInitiator       : HHH000489: No JTA platform available (set 'hibernate.transaction.jta.platform' to enable JTA platform integration)
2026-10-07T16:55:22.132-06:00  INFO 20972 --- [gestion-incidencias-operativas] [main] j.LocalContainerEntityManagerFactoryBean : Initialized JPA EntityManagerFactory for persistence unit 'default'
2026-10-07T16:55:23.034-06:00  INFO 20972 --- [gestion-incidencias-operativas] [main] o.s.d.j.r.query.QueryEnhancerFactory     : Hibernate is in classpath; If applicable, HQL parser will be used.
2026-10-07T16:55:27.424-06:00  WARN 20972 --- [gestion-incidencias-operativas] [main] JpaBaseConfiguration$JpaWebConfiguration : spring.jpa.open-in-view is enabled by default. Therefore, database queries may be performed during view rendering. Explicitly configure spring.jpa.open-in-view to disable this warning
2026-10-07T16:55:27.492-06:00  INFO 20972 --- [gestion-incidencias-operativas] [main] r$InitializeUserDetailsManagerConfigurer : Global AuthenticationManager configured with UserDetailsService bean with name usuarioDetailsService
2026-10-07T16:55:29.434-06:00  WARN 20972 --- [gestion-incidencias-operativas] [main] ConfigServletWebServerApplicationContext : Exception encountered during context initialization - cancelling refresh attempt: org.springframework.context.ApplicationContextException: Failed to start bean 'webServerStartStop'
2026-10-07T16:55:29.453-06:00  INFO 20972 --- [gestion-incidencias-operativas] [main] j.LocalContainerEntityManagerFactoryBean : Closing JPA EntityManagerFactory for persistence unit 'default'
2026-10-07T16:55:29.460-06:00  INFO 20972 --- [gestion-incidencias-operativas] [main] com.zaxxer.hikari.HikariDataSource       : HikariPool-1 - Shutdown initiated...
2026-10-07T16:55:29.483-06:00  INFO 20972 --- [gestion-incidencias-operativas] [main] com.zaxxer.hikari.HikariDataSource       : HikariPool-1 - Shutdown completed.
2026-10-07T16:55:29.538-06:00  INFO 20972 --- [gestion-incidencias-operativas] [main] .s.b.a.l.ConditionEvaluationReportLogger : 

Error starting ApplicationContext. To display the condition evaluation report re-run your application with 'debug' enabled.
2026-10-07T16:55:29.609-06:00 ERROR 20972 --- [gestion-incidencias-operativas] [main] o.s.b.d.LoggingFailureAnalysisReporter   : 

***************************
APPLICATION FAILED TO START
***************************

Description:

Web server failed to start. Port 8081 was already in use.

Action:

Identify and stop the process that's listening on port 8081 or configure this application to listen on another port.

2026-10-07T16:56:22.815-06:00  INFO 25956 --- [gestion-incidencias-operativas] [main] .GestionIncidenciasOperativasApplication : Starting GestionIncidenciasOperativasApplication using Java 21.0.7 with PID 25956 (E:\xfiles\MisProyectos\gestion-incidencias-operativas_ws\gestion-incidencias-operativas\target\classes started by 325934 in E:\xfiles\MisProyectos\gestion-incidencias-operativas_ws\gestion-incidencias-operativas)
2026-10-07T16:56:22.824-06:00  INFO 25956 --- [gestion-incidencias-operativas] [main] .GestionIncidenciasOperativasApplication : The following 1 profile is active: "local"
2026-10-07T16:56:24.626-06:00  INFO 25956 --- [gestion-incidencias-operativas] [main] .s.d.r.c.RepositoryConfigurationDelegate : Bootstrapping Spring Data JPA repositories in DEFAULT mode.
2026-10-07T16:56:24.933-06:00  INFO 25956 --- [gestion-incidencias-operativas] [main] .s.d.r.c.RepositoryConfigurationDelegate : Finished Spring Data repository scanning in 287 ms. Found 8 JPA repository interfaces.
2026-10-07T16:56:26.440-06:00  INFO 25956 --- [gestion-incidencias-operativas] [main] o.s.b.w.embedded.tomcat.TomcatWebServer  : Tomcat initialized with port 8080 (http)
2026-10-07T16:56:26.468-06:00  INFO 25956 --- [gestion-incidencias-operativas] [main] o.apache.catalina.core.StandardService   : Starting service [Tomcat]
2026-10-07T16:56:26.468-06:00  INFO 25956 --- [gestion-incidencias-operativas] [main] o.apache.catalina.core.StandardEngine    : Starting Servlet engine: [Apache Tomcat/10.1.40]
2026-10-07T16:56:26.626-06:00  INFO 25956 --- [gestion-incidencias-operativas] [main] o.a.c.c.C.[Tomcat].[localhost].[/]       : Initializing Spring embedded WebApplicationContext
2026-10-07T16:56:26.627-06:00  INFO 25956 --- [gestion-incidencias-operativas] [main] w.s.c.ServletWebServerApplicationContext : Root WebApplicationContext: initialization completed in 3701 ms
2026-10-07T16:56:26.881-06:00  INFO 25956 --- [gestion-incidencias-operativas] [main] o.hibernate.jpa.internal.util.LogHelper  : HHH000204: Processing PersistenceUnitInfo [name: default]
2026-10-07T16:56:26.947-06:00  INFO 25956 --- [gestion-incidencias-operativas] [main] org.hibernate.Version                    : HHH000412: Hibernate ORM core version 6.6.13.Final
2026-10-07T16:56:26.994-06:00  INFO 25956 --- [gestion-incidencias-operativas] [main] o.h.c.internal.RegionFactoryInitiator    : HHH000026: Second-level cache disabled
2026-10-07T16:56:27.424-06:00  INFO 25956 --- [gestion-incidencias-operativas] [main] o.s.o.j.p.SpringPersistenceUnitInfo      : No LoadTimeWeaver setup: ignoring JPA class transformer
2026-10-07T16:56:27.492-06:00  INFO 25956 --- [gestion-incidencias-operativas] [main] com.zaxxer.hikari.HikariDataSource       : HikariPool-1 - Starting...
2026-10-07T16:56:27.700-06:00  INFO 25956 --- [gestion-incidencias-operativas] [main] com.zaxxer.hikari.pool.HikariPool        : HikariPool-1 - Added connection com.mysql.cj.jdbc.ConnectionImpl@74ce7fdf
2026-10-07T16:56:27.702-06:00  INFO 25956 --- [gestion-incidencias-operativas] [main] com.zaxxer.hikari.HikariDataSource       : HikariPool-1 - Start completed.
2026-10-07T16:56:27.821-06:00  INFO 25956 --- [gestion-incidencias-operativas] [main] org.hibernate.orm.connections.pooling    : HHH10001005: Database info:
	Database JDBC URL [Connecting through datasource 'HikariDataSource (HikariPool-1)']
	Database driver: undefined/unknown
	Database version: 9.7.1
	Autocommit mode: undefined/unknown
	Isolation level: undefined/unknown
	Minimum pool size: undefined/unknown
	Maximum pool size: undefined/unknown
2026-10-07T16:56:29.538-06:00  INFO 25956 --- [gestion-incidencias-operativas] [main] o.h.e.t.j.p.i.JtaPlatformInitiator       : HHH000489: No JTA platform available (set 'hibernate.transaction.jta.platform' to enable JTA platform integration)
2026-10-07T16:56:29.737-06:00  INFO 25956 --- [gestion-incidencias-operativas] [main] j.LocalContainerEntityManagerFactoryBean : Initialized JPA EntityManagerFactory for persistence unit 'default'
2026-10-07T16:56:30.338-06:00  INFO 25956 --- [gestion-incidencias-operativas] [main] o.s.d.j.r.query.QueryEnhancerFactory     : Hibernate is in classpath; If applicable, HQL parser will be used.
2026-10-07T16:56:34.451-06:00  WARN 25956 --- [gestion-incidencias-operativas] [main] JpaBaseConfiguration$JpaWebConfiguration : spring.jpa.open-in-view is enabled by default. Therefore, database queries may be performed during view rendering. Explicitly configure spring.jpa.open-in-view to disable this warning
2026-10-07T16:56:34.501-06:00  INFO 25956 --- [gestion-incidencias-operativas] [main] r$InitializeUserDetailsManagerConfigurer : Global AuthenticationManager configured with UserDetailsService bean with name usuarioDetailsService
2026-10-07T16:56:35.563-06:00  INFO 25956 --- [gestion-incidencias-operativas] [main] o.s.b.w.embedded.tomcat.TomcatWebServer  : Tomcat started on port 8080 (http) with context path '/'
2026-10-07T16:56:35.578-06:00  INFO 25956 --- [gestion-incidencias-operativas] [main] .GestionIncidenciasOperativasApplication : Started GestionIncidenciasOperativasApplication in 13.663 seconds (process running for 15.043)
2026-10-07T16:56:35.588-06:00  INFO 25956 --- [gestion-incidencias-operativas] [scheduling-1] c.m.b.i.schedule.MailScheduler           : ========================================
2026-10-07T16:56:35.590-06:00  INFO 25956 --- [gestion-incidencias-operativas] [scheduling-1] c.m.b.i.schedule.MailScheduler           : Revisando correos pendientes...
2026-10-07T16:56:35.590-06:00  INFO 25956 --- [gestion-incidencias-operativas] [scheduling-1] c.m.b.i.schedule.MailScheduler           : ========================================
2026-10-07T16:56:35.692-06:00  INFO 25956 --- [gestion-incidencias-operativas] [scheduling-1] c.m.b.i.i.pst.client.PstMailClient       : Carpeta PST encontrada: Incidencias a Asignar
2026-10-07T16:56:35.824-06:00  INFO 25956 --- [gestion-incidencias-operativas] [scheduling-1] c.m.b.i.i.pst.client.PstMailClient       : Correo PST omitido desde lectura: <95a0a6bbbae445b09ef5ebb2c83f06d3@centrodesoluciones-gs.com.mx>
2026-10-07T16:56:35.843-06:00  INFO 25956 --- [gestion-incidencias-operativas] [scheduling-1] c.m.b.i.i.pst.client.PstMailClient       : Correo PST omitido desde lectura: <c650de225fa046438bfd2ff54dcd12f0@centrodesoluciones-gs.com.mx>
2026-10-07T16:56:35.858-06:00  INFO 25956 --- [gestion-incidencias-operativas] [scheduling-1] c.m.b.i.i.pst.client.PstMailClient       : Correo PST omitido desde lectura: <0dccac00cd4b4a8c970d55b3504a0441@centrodesoluciones-gs.com.mx>
2026-10-07T16:56:35.873-06:00  INFO 25956 --- [gestion-incidencias-operativas] [scheduling-1] c.m.b.i.i.pst.client.PstMailClient       : Correo PST omitido desde lectura: <3df534c8591948d8a4c395ff9ec7ec7d@centrodesoluciones-gs.com.mx>
2026-10-07T16:56:35.898-06:00  INFO 25956 --- [gestion-incidencias-operativas] [scheduling-1] c.m.b.i.i.pst.client.PstMailClient       : Correo PST omitido desde lectura: <ca7acde1a36e43ed8257be70a5c1aa29@centrodesoluciones-gs.com.mx>
2026-10-07T16:56:35.912-06:00  INFO 25956 --- [gestion-incidencias-operativas] [scheduling-1] c.m.b.i.i.pst.client.PstMailClient       : Correo PST omitido desde lectura: <1e85533144604722829e7cbaec78aa4c@centrodesoluciones-gs.com.mx>
2026-10-07T16:56:35.929-06:00  INFO 25956 --- [gestion-incidencias-operativas] [scheduling-1] c.m.b.i.i.pst.client.PstMailClient       : Correo PST omitido desde lectura: <64cae0ba4ed64ddc80c0483992346924@elektra.com.mx>
2026-10-07T16:56:35.949-06:00  INFO 25956 --- [gestion-incidencias-operativas] [scheduling-1] c.m.b.i.i.pst.client.PstMailClient       : Correo PST omitido desde lectura: <3484a13536a14df3b5b0b37d9dcf6b92@elektra.com.mx>
2026-10-07T16:56:35.968-06:00  INFO 25956 --- [gestion-incidencias-operativas] [scheduling-1] c.m.b.i.i.pst.client.PstMailClient       : Correo PST omitido desde lectura: <f3d430d37a784f3a9275046fe5a268e6@elektra.com.mx>
2026-10-07T16:56:35.968-06:00  INFO 25956 --- [gestion-incidencias-operativas] [scheduling-1] c.m.b.i.i.pst.client.PstMailClient       : Correos leídos desde PST: 0
2026-10-07T16:56:35.968-06:00  INFO 25956 --- [gestion-incidencias-operativas] [scheduling-1] c.m.b.i.i.mail.service.MailService       : Correos pendientes encontrados: 0
2026-10-07T16:56:43.731-06:00  INFO 25956 --- [gestion-incidencias-operativas] [http-nio-8080-exec-1] o.a.c.c.C.[Tomcat].[localhost].[/]       : Initializing Spring DispatcherServlet 'dispatcherServlet'
2026-10-07T16:56:43.731-06:00  INFO 25956 --- [gestion-incidencias-operativas] [http-nio-8080-exec-1] o.s.web.servlet.DispatcherServlet        : Initializing Servlet 'dispatcherServlet'
2026-10-07T16:56:43.732-06:00  INFO 25956 --- [gestion-incidencias-operativas] [http-nio-8080-exec-1] o.s.web.servlet.DispatcherServlet        : Completed initialization in 1 ms
2026-10-07T16:57:35.981-06:00  INFO 25956 --- [gestion-incidencias-operativas] [scheduling-1] c.m.b.i.schedule.MailScheduler           : ========================================
2026-10-07T16:57:35.982-06:00  INFO 25956 --- [gestion-incidencias-operativas] [scheduling-1] c.m.b.i.schedule.MailScheduler           : Revisando correos pendientes...
2026-10-07T16:57:35.983-06:00  INFO 25956 --- [gestion-incidencias-operativas] [scheduling-1] c.m.b.i.schedule.MailScheduler           : ========================================
2026-10-07T16:57:36.038-06:00  INFO 25956 --- [gestion-incidencias-operativas] [scheduling-1] c.m.b.i.i.pst.client.PstMailClient       : Carpeta PST encontrada: Incidencias a Asignar
2026-10-07T16:57:36.064-06:00  INFO 25956 --- [gestion-incidencias-operativas] [scheduling-1] c.m.b.i.i.pst.client.PstMailClient       : Correo PST omitido desde lectura: <95a0a6bbbae445b09ef5ebb2c83f06d3@centrodesoluciones-gs.com.mx>
2026-10-07T16:57:36.083-06:00  INFO 25956 --- [gestion-incidencias-operativas] [scheduling-1] c.m.b.i.i.pst.client.PstMailClient       : Correo PST omitido desde lectura: <c650de225fa046438bfd2ff54dcd12f0@centrodesoluciones-gs.com.mx>
2026-10-07T16:57:36.098-06:00  INFO 25956 --- [gestion-incidencias-operativas] [scheduling-1] c.m.b.i.i.pst.client.PstMailClient       : Correo PST omitido desde lectura: <0dccac00cd4b4a8c970d55b3504a0441@centrodesoluciones-gs.com.mx>
2026-10-07T16:57:36.111-06:00  INFO 25956 --- [gestion-incidencias-operativas] [scheduling-1] c.m.b.i.i.pst.client.PstMailClient       : Correo PST omitido desde lectura: <3df534c8591948d8a4c395ff9ec7ec7d@centrodesoluciones-gs.com.mx>
2026-10-07T16:57:36.131-06:00  INFO 25956 --- [gestion-incidencias-operativas] [scheduling-1] c.m.b.i.i.pst.client.PstMailClient       : Correo PST omitido desde lectura: <ca7acde1a36e43ed8257be70a5c1aa29@centrodesoluciones-gs.com.mx>
2026-10-07T16:57:36.145-06:00  INFO 25956 --- [gestion-incidencias-operativas] [scheduling-1] c.m.b.i.i.pst.client.PstMailClient       : Correo PST omitido desde lectura: <1e85533144604722829e7cbaec78aa4c@centrodesoluciones-gs.com.mx>
2026-10-07T16:57:36.163-06:00  INFO 25956 --- [gestion-incidencias-operativas] [scheduling-1] c.m.b.i.i.pst.client.PstMailClient       : Correo PST omitido desde lectura: <64cae0ba4ed64ddc80c0483992346924@elektra.com.mx>
2026-10-07T16:57:36.183-06:00  INFO 25956 --- [gestion-incidencias-operativas] [scheduling-1] c.m.b.i.i.pst.client.PstMailClient       : Correo PST omitido desde lectura: <3484a13536a14df3b5b0b37d9dcf6b92@elektra.com.mx>
2026-10-07T16:57:36.197-06:00  INFO 25956 --- [gestion-incidencias-operativas] [scheduling-1] c.m.b.i.i.pst.client.PstMailClient       : Correo PST omitido desde lectura: <f3d430d37a784f3a9275046fe5a268e6@elektra.com.mx>
2026-10-07T16:57:36.197-06:00  INFO 25956 --- [gestion-incidencias-operativas] [scheduling-1] c.m.b.i.i.pst.client.PstMailClient       : Correos leídos desde PST: 0
2026-10-07T16:57:36.198-06:00  INFO 25956 --- [gestion-incidencias-operativas] [scheduling-1] c.m.b.i.i.mail.service.MailService       : Correos pendientes encontrados: 0
2026-10-07T16:58:36.210-06:00  INFO 25956 --- [gestion-incidencias-operativas] [scheduling-1] c.m.b.i.schedule.MailScheduler           : ========================================
2026-10-07T16:58:36.212-06:00  INFO 25956 --- [gestion-incidencias-operativas] [scheduling-1] c.m.b.i.schedule.MailScheduler           : Revisando correos pendientes...
2026-10-07T16:58:36.212-06:00  INFO 25956 --- [gestion-incidencias-operativas] [scheduling-1] c.m.b.i.schedule.MailScheduler           : ========================================
2026-10-07T16:58:36.261-06:00  INFO 25956 --- [gestion-incidencias-operativas] [scheduling-1] c.m.b.i.i.pst.client.PstMailClient       : Carpeta PST encontrada: Incidencias a Asignar
2026-10-07T16:58:36.276-06:00  INFO 25956 --- [gestion-incidencias-operativas] [scheduling-1] c.m.b.i.i.pst.client.PstMailClient       : Correo PST omitido desde lectura: <95a0a6bbbae445b09ef5ebb2c83f06d3@centrodesoluciones-gs.com.mx>
2026-10-07T16:58:36.284-06:00  INFO 25956 --- [gestion-incidencias-operativas] [scheduling-1] c.m.b.i.i.pst.client.PstMailClient       : Correo PST omitido desde lectura: <c650de225fa046438bfd2ff54dcd12f0@centrodesoluciones-gs.com.mx>
2026-10-07T16:58:36.291-06:00  INFO 25956 --- [gestion-incidencias-operativas] [scheduling-1] c.m.b.i.i.pst.client.PstMailClient       : Correo PST omitido desde lectura: <0dccac00cd4b4a8c970d55b3504a0441@centrodesoluciones-gs.com.mx>
2026-10-07T16:58:36.298-06:00  INFO 25956 --- [gestion-incidencias-operativas] [scheduling-1] c.m.b.i.i.pst.client.PstMailClient       : Correo PST omitido desde lectura: <3df534c8591948d8a4c395ff9ec7ec7d@centrodesoluciones-gs.com.mx>
2026-10-07T16:58:36.309-06:00  INFO 25956 --- [gestion-incidencias-operativas] [scheduling-1] c.m.b.i.i.pst.client.PstMailClient       : Correo PST omitido desde lectura: <ca7acde1a36e43ed8257be70a5c1aa29@centrodesoluciones-gs.com.mx>
2026-10-07T16:58:36.316-06:00  INFO 25956 --- [gestion-incidencias-operativas] [scheduling-1] c.m.b.i.i.pst.client.PstMailClient       : Correo PST omitido desde lectura: <1e85533144604722829e7cbaec78aa4c@centrodesoluciones-gs.com.mx>
2026-10-07T16:58:36.326-06:00  INFO 25956 --- [gestion-incidencias-operativas] [scheduling-1] c.m.b.i.i.pst.client.PstMailClient       : Correo PST omitido desde lectura: <64cae0ba4ed64ddc80c0483992346924@elektra.com.mx>
2026-10-07T16:58:36.336-06:00  INFO 25956 --- [gestion-incidencias-operativas] [scheduling-1] c.m.b.i.i.pst.client.PstMailClient       : Correo PST omitido desde lectura: <3484a13536a14df3b5b0b37d9dcf6b92@elektra.com.mx>
2026-10-07T16:58:36.345-06:00  INFO 25956 --- [gestion-incidencias-operativas] [scheduling-1] c.m.b.i.i.pst.client.PstMailClient       : Correo PST omitido desde lectura: <f3d430d37a784f3a9275046fe5a268e6@elektra.com.mx>
2026-10-07T16:58:36.346-06:00  INFO 25956 --- [gestion-incidencias-operativas] [scheduling-1] c.m.b.i.i.pst.client.PstMailClient       : Correos leídos desde PST: 0
2026-10-07T16:58:36.346-06:00  INFO 25956 --- [gestion-incidencias-operativas] [scheduling-1] c.m.b.i.i.mail.service.MailService       : Correos pendientes encontrados: 0
2026-10-07T16:59:36.353-06:00  INFO 25956 --- [gestion-incidencias-operativas] [scheduling-1] c.m.b.i.schedule.MailScheduler           : ========================================
2026-10-07T16:59:36.353-06:00  INFO 25956 --- [gestion-incidencias-operativas] [scheduling-1] c.m.b.i.schedule.MailScheduler           : Revisando correos pendientes...
2026-10-07T16:59:36.354-06:00  INFO 25956 --- [gestion-incidencias-operativas] [scheduling-1] c.m.b.i.schedule.MailScheduler           : ========================================
2026-10-07T16:59:36.390-06:00  INFO 25956 --- [gestion-incidencias-operativas] [scheduling-1] c.m.b.i.i.pst.client.PstMailClient       : Carpeta PST encontrada: Incidencias a Asignar
2026-10-07T16:59:36.403-06:00  INFO 25956 --- [gestion-incidencias-operativas] [scheduling-1] c.m.b.i.i.pst.client.PstMailClient       : Correo PST omitido desde lectura: <95a0a6bbbae445b09ef5ebb2c83f06d3@centrodesoluciones-gs.com.mx>
2026-10-07T16:59:36.412-06:00  INFO 25956 --- [gestion-incidencias-operativas] [scheduling-1] c.m.b.i.i.pst.client.PstMailClient       : Correo PST omitido desde lectura: <c650de225fa046438bfd2ff54dcd12f0@centrodesoluciones-gs.com.mx>
2026-10-07T16:59:36.419-06:00  INFO 25956 --- [gestion-incidencias-operativas] [scheduling-1] c.m.b.i.i.pst.client.PstMailClient       : Correo PST omitido desde lectura: <0dccac00cd4b4a8c970d55b3504a0441@centrodesoluciones-gs.com.mx>
2026-10-07T16:59:36.428-06:00  INFO 25956 --- [gestion-incidencias-operativas] [scheduling-1] c.m.b.i.i.pst.client.PstMailClient       : Correo PST omitido desde lectura: <3df534c8591948d8a4c395ff9ec7ec7d@centrodesoluciones-gs.com.mx>
2026-10-07T16:59:36.442-06:00  INFO 25956 --- [gestion-incidencias-operativas] [scheduling-1] c.m.b.i.i.pst.client.PstMailClient       : Correo PST omitido desde lectura: <ca7acde1a36e43ed8257be70a5c1aa29@centrodesoluciones-gs.com.mx>
2026-10-07T16:59:36.456-06:00  INFO 25956 --- [gestion-incidencias-operativas] [scheduling-1] c.m.b.i.i.pst.client.PstMailClient       : Correo PST omitido desde lectura: <1e85533144604722829e7cbaec78aa4c@centrodesoluciones-gs.com.mx>
2026-10-07T16:59:36.467-06:00  INFO 25956 --- [gestion-incidencias-operativas] [scheduling-1] c.m.b.i.i.pst.client.PstMailClient       : Correo PST omitido desde lectura: <64cae0ba4ed64ddc80c0483992346924@elektra.com.mx>
2026-10-07T16:59:36.477-06:00  INFO 25956 --- [gestion-incidencias-operativas] [scheduling-1] c.m.b.i.i.pst.client.PstMailClient       : Correo PST omitido desde lectura: <3484a13536a14df3b5b0b37d9dcf6b92@elektra.com.mx>
2026-10-07T16:59:36.486-06:00  INFO 25956 --- [gestion-incidencias-operativas] [scheduling-1] c.m.b.i.i.pst.client.PstMailClient       : Correo PST omitido desde lectura: <f3d430d37a784f3a9275046fe5a268e6@elektra.com.mx>
2026-10-07T16:59:36.487-06:00  INFO 25956 --- [gestion-incidencias-operativas] [scheduling-1] c.m.b.i.i.pst.client.PstMailClient       : Correos leídos desde PST: 0
2026-10-07T16:59:36.487-06:00  INFO 25956 --- [gestion-incidencias-operativas] [scheduling-1] c.m.b.i.i.mail.service.MailService       : Correos pendientes encontrados: 0
2026-10-07T17:00:36.498-06:00  INFO 25956 --- [gestion-incidencias-operativas] [scheduling-1] c.m.b.i.schedule.MailScheduler           : ========================================
2026-10-07T17:00:36.499-06:00  INFO 25956 --- [gestion-incidencias-operativas] [scheduling-1] c.m.b.i.schedule.MailScheduler           : Revisando correos pendientes...
2026-10-07T17:00:36.499-06:00  INFO 25956 --- [gestion-incidencias-operativas] [scheduling-1] c.m.b.i.schedule.MailScheduler           : ========================================
2026-10-07T17:00:36.537-06:00  INFO 25956 --- [gestion-incidencias-operativas] [scheduling-1] c.m.b.i.i.pst.client.PstMailClient       : Carpeta PST encontrada: Incidencias a Asignar
2026-10-07T17:00:36.552-06:00  INFO 25956 --- [gestion-incidencias-operativas] [scheduling-1] c.m.b.i.i.pst.client.PstMailClient       : Correo PST omitido desde lectura: <95a0a6bbbae445b09ef5ebb2c83f06d3@centrodesoluciones-gs.com.mx>
2026-10-07T17:00:36.566-06:00  INFO 25956 --- [gestion-incidencias-operativas] [scheduling-1] c.m.b.i.i.pst.client.PstMailClient       : Correo PST omitido desde lectura: <c650de225fa046438bfd2ff54dcd12f0@centrodesoluciones-gs.com.mx>
2026-10-07T17:00:36.578-06:00  INFO 25956 --- [gestion-incidencias-operativas] [scheduling-1] c.m.b.i.i.pst.client.PstMailClient       : Correo PST omitido desde lectura: <0dccac00cd4b4a8c970d55b3504a0441@centrodesoluciones-gs.com.mx>
2026-10-07T17:00:36.589-06:00  INFO 25956 --- [gestion-incidencias-operativas] [scheduling-1] c.m.b.i.i.pst.client.PstMailClient       : Correo PST omitido desde lectura: <3df534c8591948d8a4c395ff9ec7ec7d@centrodesoluciones-gs.com.mx>
2026-10-07T17:00:36.604-06:00  INFO 25956 --- [gestion-incidencias-operativas] [scheduling-1] c.m.b.i.i.pst.client.PstMailClient       : Correo PST omitido desde lectura: <ca7acde1a36e43ed8257be70a5c1aa29@centrodesoluciones-gs.com.mx>
2026-10-07T17:00:36.616-06:00  INFO 25956 --- [gestion-incidencias-operativas] [scheduling-1] c.m.b.i.i.pst.client.PstMailClient       : Correo PST omitido desde lectura: <1e85533144604722829e7cbaec78aa4c@centrodesoluciones-gs.com.mx>
2026-10-07T17:00:36.631-06:00  INFO 25956 --- [gestion-incidencias-operativas] [scheduling-1] c.m.b.i.i.pst.client.PstMailClient       : Correo PST omitido desde lectura: <64cae0ba4ed64ddc80c0483992346924@elektra.com.mx>
2026-10-07T17:00:36.646-06:00  INFO 25956 --- [gestion-incidencias-operativas] [scheduling-1] c.m.b.i.i.pst.client.PstMailClient       : Correo PST omitido desde lectura: <3484a13536a14df3b5b0b37d9dcf6b92@elektra.com.mx>
2026-10-07T17:00:36.661-06:00  INFO 25956 --- [gestion-incidencias-operativas] [scheduling-1] c.m.b.i.i.pst.client.PstMailClient       : Correo PST omitido desde lectura: <f3d430d37a784f3a9275046fe5a268e6@elektra.com.mx>
2026-10-07T17:00:36.661-06:00  INFO 25956 --- [gestion-incidencias-operativas] [scheduling-1] c.m.b.i.i.pst.client.PstMailClient       : Correos leídos desde PST: 0
2026-10-07T17:00:36.662-06:00  INFO 25956 --- [gestion-incidencias-operativas] [scheduling-1] c.m.b.i.i.mail.service.MailService       : Correos pendientes encontrados: 0
2026-10-07T17:01:36.670-06:00  INFO 25956 --- [gestion-incidencias-operativas] [scheduling-1] c.m.b.i.schedule.MailScheduler           : ========================================
2026-10-07T17:01:36.670-06:00  INFO 25956 --- [gestion-incidencias-operativas] [scheduling-1] c.m.b.i.schedule.MailScheduler           : Revisando correos pendientes...
2026-10-07T17:01:36.671-06:00  INFO 25956 --- [gestion-incidencias-operativas] [scheduling-1] c.m.b.i.schedule.MailScheduler           : ========================================
2026-10-07T17:01:36.712-06:00  INFO 25956 --- [gestion-incidencias-operativas] [scheduling-1] c.m.b.i.i.pst.client.PstMailClient       : Carpeta PST encontrada: Incidencias a Asignar
2026-10-07T17:01:36.731-06:00  INFO 25956 --- [gestion-incidencias-operativas] [scheduling-1] c.m.b.i.i.pst.client.PstMailClient       : Correo PST omitido desde lectura: <95a0a6bbbae445b09ef5ebb2c83f06d3@centrodesoluciones-gs.com.mx>
2026-10-07T17:01:36.740-06:00  INFO 25956 --- [gestion-incidencias-operativas] [scheduling-1] c.m.b.i.i.pst.client.PstMailClient       : Correo PST omitido desde lectura: <c650de225fa046438bfd2ff54dcd12f0@centrodesoluciones-gs.com.mx>
2026-10-07T17:01:36.749-06:00  INFO 25956 --- [gestion-incidencias-operativas] [scheduling-1] c.m.b.i.i.pst.client.PstMailClient       : Correo PST omitido desde lectura: <0dccac00cd4b4a8c970d55b3504a0441@centrodesoluciones-gs.com.mx>
2026-10-07T17:01:36.757-06:00  INFO 25956 --- [gestion-incidencias-operativas] [scheduling-1] c.m.b.i.i.pst.client.PstMailClient       : Correo PST omitido desde lectura: <3df534c8591948d8a4c395ff9ec7ec7d@centrodesoluciones-gs.com.mx>
2026-10-07T17:01:36.771-06:00  INFO 25956 --- [gestion-incidencias-operativas] [scheduling-1] c.m.b.i.i.pst.client.PstMailClient       : Correo PST omitido desde lectura: <ca7acde1a36e43ed8257be70a5c1aa29@centrodesoluciones-gs.com.mx>
2026-10-07T17:01:36.781-06:00  INFO 25956 --- [gestion-incidencias-operativas] [scheduling-1] c.m.b.i.i.pst.client.PstMailClient       : Correo PST omitido desde lectura: <1e85533144604722829e7cbaec78aa4c@centrodesoluciones-gs.com.mx>
2026-10-07T17:01:36.790-06:00  INFO 25956 --- [gestion-incidencias-operativas] [scheduling-1] c.m.b.i.i.pst.client.PstMailClient       : Correo PST omitido desde lectura: <64cae0ba4ed64ddc80c0483992346924@elektra.com.mx>
2026-10-07T17:01:36.800-06:00  INFO 25956 --- [gestion-incidencias-operativas] [scheduling-1] c.m.b.i.i.pst.client.PstMailClient       : Correo PST omitido desde lectura: <3484a13536a14df3b5b0b37d9dcf6b92@elektra.com.mx>
2026-10-07T17:01:36.808-06:00  INFO 25956 --- [gestion-incidencias-operativas] [scheduling-1] c.m.b.i.i.pst.client.PstMailClient       : Correo PST omitido desde lectura: <f3d430d37a784f3a9275046fe5a268e6@elektra.com.mx>
2026-10-07T17:01:36.808-06:00  INFO 25956 --- [gestion-incidencias-operativas] [scheduling-1] c.m.b.i.i.pst.client.PstMailClient       : Correos leídos desde PST: 0
2026-10-07T17:01:36.808-06:00  INFO 25956 --- [gestion-incidencias-operativas] [scheduling-1] c.m.b.i.i.mail.service.MailService       : Correos pendientes encontrados: 0
2026-10-07T17:02:36.824-06:00  INFO 25956 --- [gestion-incidencias-operativas] [scheduling-1] c.m.b.i.schedule.MailScheduler           : ========================================
2026-10-07T17:02:36.825-06:00  INFO 25956 --- [gestion-incidencias-operativas] [scheduling-1] c.m.b.i.schedule.MailScheduler           : Revisando correos pendientes...
2026-10-07T17:02:36.826-06:00  INFO 25956 --- [gestion-incidencias-operativas] [scheduling-1] c.m.b.i.schedule.MailScheduler           : ========================================
2026-10-07T17:02:36.876-06:00  INFO 25956 --- [gestion-incidencias-operativas] [scheduling-1] c.m.b.i.i.pst.client.PstMailClient       : Carpeta PST encontrada: Incidencias a Asignar
2026-10-07T17:02:36.887-06:00  INFO 25956 --- [gestion-incidencias-operativas] [scheduling-1] c.m.b.i.i.pst.client.PstMailClient       : Correo PST omitido desde lectura: <95a0a6bbbae445b09ef5ebb2c83f06d3@centrodesoluciones-gs.com.mx>
2026-10-07T17:02:36.894-06:00  INFO 25956 --- [gestion-incidencias-operativas] [scheduling-1] c.m.b.i.i.pst.client.PstMailClient       : Correo PST omitido desde lectura: <c650de225fa046438bfd2ff54dcd12f0@centrodesoluciones-gs.com.mx>
2026-10-07T17:02:36.900-06:00  INFO 25956 --- [gestion-incidencias-operativas] [scheduling-1] c.m.b.i.i.pst.client.PstMailClient       : Correo PST omitido desde lectura: <0dccac00cd4b4a8c970d55b3504a0441@centrodesoluciones-gs.com.mx>
2026-10-07T17:02:36.908-06:00  INFO 25956 --- [gestion-incidencias-operativas] [scheduling-1] c.m.b.i.i.pst.client.PstMailClient       : Correo PST omitido desde lectura: <3df534c8591948d8a4c395ff9ec7ec7d@centrodesoluciones-gs.com.mx>
2026-10-07T17:02:36.917-06:00  INFO 25956 --- [gestion-incidencias-operativas] [scheduling-1] c.m.b.i.i.pst.client.PstMailClient       : Correo PST omitido desde lectura: <ca7acde1a36e43ed8257be70a5c1aa29@centrodesoluciones-gs.com.mx>
2026-10-07T17:02:36.924-06:00  INFO 25956 --- [gestion-incidencias-operativas] [scheduling-1] c.m.b.i.i.pst.client.PstMailClient       : Correo PST omitido desde lectura: <1e85533144604722829e7cbaec78aa4c@centrodesoluciones-gs.com.mx>
2026-10-07T17:02:36.931-06:00  INFO 25956 --- [gestion-incidencias-operativas] [scheduling-1] c.m.b.i.i.pst.client.PstMailClient       : Correo PST omitido desde lectura: <64cae0ba4ed64ddc80c0483992346924@elektra.com.mx>
2026-10-07T17:02:36.939-06:00  INFO 25956 --- [gestion-incidencias-operativas] [scheduling-1] c.m.b.i.i.pst.client.PstMailClient       : Correo PST omitido desde lectura: <3484a13536a14df3b5b0b37d9dcf6b92@elektra.com.mx>
2026-10-07T17:02:36.947-06:00  INFO 25956 --- [gestion-incidencias-operativas] [scheduling-1] c.m.b.i.i.pst.client.PstMailClient       : Correo PST omitido desde lectura: <f3d430d37a784f3a9275046fe5a268e6@elektra.com.mx>
2026-10-07T17:02:36.947-06:00  INFO 25956 --- [gestion-incidencias-operativas] [scheduling-1] c.m.b.i.i.pst.client.PstMailClient       : Correos leídos desde PST: 0
2026-10-07T17:02:36.947-06:00  INFO 25956 --- [gestion-incidencias-operativas] [scheduling-1] c.m.b.i.i.mail.service.MailService       : Correos pendientes encontrados: 0
2026-10-07T17:03:36.958-06:00  INFO 25956 --- [gestion-incidencias-operativas] [scheduling-1] c.m.b.i.schedule.MailScheduler           : ========================================
2026-10-07T17:03:36.958-06:00  INFO 25956 --- [gestion-incidencias-operativas] [scheduling-1] c.m.b.i.schedule.MailScheduler           : Revisando correos pendientes...
2026-10-07T17:03:36.959-06:00  INFO 25956 --- [gestion-incidencias-operativas] [scheduling-1] c.m.b.i.schedule.MailScheduler           : ========================================
2026-10-07T17:03:36.986-06:00  INFO 25956 --- [gestion-incidencias-operativas] [scheduling-1] c.m.b.i.i.pst.client.PstMailClient       : Carpeta PST encontrada: Incidencias a Asignar
2026-10-07T17:03:36.996-06:00  INFO 25956 --- [gestion-incidencias-operativas] [scheduling-1] c.m.b.i.i.pst.client.PstMailClient       : Correo PST omitido desde lectura: <95a0a6bbbae445b09ef5ebb2c83f06d3@centrodesoluciones-gs.com.mx>
2026-10-07T17:03:37.003-06:00  INFO 25956 --- [gestion-incidencias-operativas] [scheduling-1] c.m.b.i.i.pst.client.PstMailClient       : Correo PST omitido desde lectura: <c650de225fa046438bfd2ff54dcd12f0@centrodesoluciones-gs.com.mx>
2026-10-07T17:03:37.010-06:00  INFO 25956 --- [gestion-incidencias-operativas] [scheduling-1] c.m.b.i.i.pst.client.PstMailClient       : Correo PST omitido desde lectura: <0dccac00cd4b4a8c970d55b3504a0441@centrodesoluciones-gs.com.mx>
2026-10-07T17:03:37.016-06:00  INFO 25956 --- [gestion-incidencias-operativas] [scheduling-1] c.m.b.i.i.pst.client.PstMailClient       : Correo PST omitido desde lectura: <3df534c8591948d8a4c395ff9ec7ec7d@centrodesoluciones-gs.com.mx>
2026-10-07T17:03:37.026-06:00  INFO 25956 --- [gestion-incidencias-operativas] [scheduling-1] c.m.b.i.i.pst.client.PstMailClient       : Correo PST omitido desde lectura: <ca7acde1a36e43ed8257be70a5c1aa29@centrodesoluciones-gs.com.mx>
2026-10-07T17:03:37.033-06:00  INFO 25956 --- [gestion-incidencias-operativas] [scheduling-1] c.m.b.i.i.pst.client.PstMailClient       : Correo PST omitido desde lectura: <1e85533144604722829e7cbaec78aa4c@centrodesoluciones-gs.com.mx>
2026-10-07T17:03:37.041-06:00  INFO 25956 --- [gestion-incidencias-operativas] [scheduling-1] c.m.b.i.i.pst.client.PstMailClient       : Correo PST omitido desde lectura: <64cae0ba4ed64ddc80c0483992346924@elektra.com.mx>
2026-10-07T17:03:37.048-06:00  INFO 25956 --- [gestion-incidencias-operativas] [scheduling-1] c.m.b.i.i.pst.client.PstMailClient       : Correo PST omitido desde lectura: <3484a13536a14df3b5b0b37d9dcf6b92@elektra.com.mx>
2026-10-07T17:03:37.055-06:00  INFO 25956 --- [gestion-incidencias-operativas] [scheduling-1] c.m.b.i.i.pst.client.PstMailClient       : Correo PST omitido desde lectura: <f3d430d37a784f3a9275046fe5a268e6@elektra.com.mx>
2026-10-07T17:03:37.055-06:00  INFO 25956 --- [gestion-incidencias-operativas] [scheduling-1] c.m.b.i.i.pst.client.PstMailClient       : Correos leídos desde PST: 0
2026-10-07T17:03:37.055-06:00  INFO 25956 --- [gestion-incidencias-operativas] [scheduling-1] c.m.b.i.i.mail.service.MailService       : Correos pendientes encontrados: 0
2026-10-07T17:04:26.965-06:00  INFO 25956 --- [gestion-incidencias-operativas] [RMI TCP Connection(9)-192.168.0.197] inMXBeanRegistrar$SpringApplicationAdmin : Application shutdown requested.
2026-10-07T17:04:26.972-06:00  INFO 25956 --- [gestion-incidencias-operativas] [RMI TCP Connection(9)-192.168.0.197] o.s.b.w.e.tomcat.GracefulShutdown        : Commencing graceful shutdown. Waiting for active requests to complete
2026-10-07T17:04:26.988-06:00  INFO 25956 --- [gestion-incidencias-operativas] [tomcat-shutdown] o.s.b.w.e.tomcat.GracefulShutdown        : Graceful shutdown complete
2026-10-07T17:04:27.011-06:00  INFO 25956 --- [gestion-incidencias-operativas] [RMI TCP Connection(9)-192.168.0.197] j.LocalContainerEntityManagerFactoryBean : Closing JPA EntityManagerFactory for persistence unit 'default'
2026-10-07T17:04:27.017-06:00  INFO 25956 --- [gestion-incidencias-operativas] [RMI TCP Connection(9)-192.168.0.197] com.zaxxer.hikari.HikariDataSource       : HikariPool-1 - Shutdown initiated...
2026-10-07T17:04:27.038-06:00  INFO 25956 --- [gestion-incidencias-operativas] [RMI TCP Connection(9)-192.168.0.197] com.zaxxer.hikari.HikariDataSource       : HikariPool-1 - Shutdown completed.
2026-10-07T17:05:01.359-06:00  INFO 14948 --- [gestion-incidencias-operativas] [main] .GestionIncidenciasOperativasApplication : Starting GestionIncidenciasOperativasApplication using Java 21.0.7 with PID 14948 (E:\xfiles\MisProyectos\gestion-incidencias-operativas_ws\gestion-incidencias-operativas\target\classes started by 325934 in E:\xfiles\MisProyectos\gestion-incidencias-operativas_ws\gestion-incidencias-operativas)
2026-10-07T17:05:01.367-06:00  INFO 14948 --- [gestion-incidencias-operativas] [main] .GestionIncidenciasOperativasApplication : The following 1 profile is active: "local"
2026-10-07T17:05:02.550-06:00  INFO 14948 --- [gestion-incidencias-operativas] [main] .s.d.r.c.RepositoryConfigurationDelegate : Bootstrapping Spring Data JPA repositories in DEFAULT mode.
2026-10-07T17:05:02.734-06:00  INFO 14948 --- [gestion-incidencias-operativas] [main] .s.d.r.c.RepositoryConfigurationDelegate : Finished Spring Data repository scanning in 157 ms. Found 8 JPA repository interfaces.
2026-10-07T17:05:03.494-06:00  INFO 14948 --- [gestion-incidencias-operativas] [main] o.s.b.w.embedded.tomcat.TomcatWebServer  : Tomcat initialized with port 8080 (http)
2026-10-07T17:05:03.516-06:00  INFO 14948 --- [gestion-incidencias-operativas] [main] o.apache.catalina.core.StandardService   : Starting service [Tomcat]
2026-10-07T17:05:03.517-06:00  INFO 14948 --- [gestion-incidencias-operativas] [main] o.apache.catalina.core.StandardEngine    : Starting Servlet engine: [Apache Tomcat/10.1.40]
2026-10-07T17:05:03.614-06:00  INFO 14948 --- [gestion-incidencias-operativas] [main] o.a.c.c.C.[Tomcat].[localhost].[/]       : Initializing Spring embedded WebApplicationContext
2026-10-07T17:05:03.614-06:00  INFO 14948 --- [gestion-incidencias-operativas] [main] w.s.c.ServletWebServerApplicationContext : Root WebApplicationContext: initialization completed in 2177 ms
2026-10-07T17:05:03.862-06:00  INFO 14948 --- [gestion-incidencias-operativas] [main] o.hibernate.jpa.internal.util.LogHelper  : HHH000204: Processing PersistenceUnitInfo [name: default]
2026-10-07T17:05:03.946-06:00  INFO 14948 --- [gestion-incidencias-operativas] [main] org.hibernate.Version                    : HHH000412: Hibernate ORM core version 6.6.13.Final
2026-10-07T17:05:04.007-06:00  INFO 14948 --- [gestion-incidencias-operativas] [main] o.h.c.internal.RegionFactoryInitiator    : HHH000026: Second-level cache disabled
2026-10-07T17:05:04.431-06:00  INFO 14948 --- [gestion-incidencias-operativas] [main] o.s.o.j.p.SpringPersistenceUnitInfo      : No LoadTimeWeaver setup: ignoring JPA class transformer
2026-10-07T17:05:04.482-06:00  INFO 14948 --- [gestion-incidencias-operativas] [main] com.zaxxer.hikari.HikariDataSource       : HikariPool-1 - Starting...
2026-10-07T17:05:04.687-06:00  INFO 14948 --- [gestion-incidencias-operativas] [main] com.zaxxer.hikari.pool.HikariPool        : HikariPool-1 - Added connection com.mysql.cj.jdbc.ConnectionImpl@7848321e
2026-10-07T17:05:04.692-06:00  INFO 14948 --- [gestion-incidencias-operativas] [main] com.zaxxer.hikari.HikariDataSource       : HikariPool-1 - Start completed.
2026-10-07T17:05:04.849-06:00  INFO 14948 --- [gestion-incidencias-operativas] [main] org.hibernate.orm.connections.pooling    : HHH10001005: Database info:
	Database JDBC URL [Connecting through datasource 'HikariDataSource (HikariPool-1)']
	Database driver: undefined/unknown
	Database version: 9.7.1
	Autocommit mode: undefined/unknown
	Isolation level: undefined/unknown
	Minimum pool size: undefined/unknown
	Maximum pool size: undefined/unknown
2026-10-07T17:05:06.522-06:00  INFO 14948 --- [gestion-incidencias-operativas] [main] o.h.e.t.j.p.i.JtaPlatformInitiator       : HHH000489: No JTA platform available (set 'hibernate.transaction.jta.platform' to enable JTA platform integration)
2026-10-07T17:05:06.707-06:00  INFO 14948 --- [gestion-incidencias-operativas] [main] j.LocalContainerEntityManagerFactoryBean : Initialized JPA EntityManagerFactory for persistence unit 'default'
2026-10-07T17:05:07.228-06:00  INFO 14948 --- [gestion-incidencias-operativas] [main] o.s.d.j.r.query.QueryEnhancerFactory     : Hibernate is in classpath; If applicable, HQL parser will be used.
2026-10-07T17:05:10.978-06:00  WARN 14948 --- [gestion-incidencias-operativas] [main] JpaBaseConfiguration$JpaWebConfiguration : spring.jpa.open-in-view is enabled by default. Therefore, database queries may be performed during view rendering. Explicitly configure spring.jpa.open-in-view to disable this warning
2026-10-07T17:05:11.026-06:00  INFO 14948 --- [gestion-incidencias-operativas] [main] r$InitializeUserDetailsManagerConfigurer : Global AuthenticationManager configured with UserDetailsService bean with name usuarioDetailsService
2026-10-07T17:05:11.799-06:00  INFO 14948 --- [gestion-incidencias-operativas] [main] o.s.b.w.embedded.tomcat.TomcatWebServer  : Tomcat started on port 8080 (http) with context path '/'
2026-10-07T17:05:11.812-06:00  INFO 14948 --- [gestion-incidencias-operativas] [main] .GestionIncidenciasOperativasApplication : Started GestionIncidenciasOperativasApplication in 11.154 seconds (process running for 12.013)
2026-10-07T17:05:11.818-06:00  INFO 14948 --- [gestion-incidencias-operativas] [scheduling-1] c.m.b.i.schedule.MailScheduler           : ========================================
2026-10-07T17:05:11.819-06:00  INFO 14948 --- [gestion-incidencias-operativas] [scheduling-1] c.m.b.i.schedule.MailScheduler           : Revisando correos pendientes...
2026-10-07T17:05:11.820-06:00  INFO 14948 --- [gestion-incidencias-operativas] [scheduling-1] c.m.b.i.schedule.MailScheduler           : ========================================
2026-10-07T17:05:11.898-06:00  INFO 14948 --- [gestion-incidencias-operativas] [scheduling-1] c.m.b.i.i.pst.client.PstMailClient       : Carpeta PST encontrada: Incidencias a Asignar
2026-10-07T17:05:11.975-06:00  INFO 14948 --- [gestion-incidencias-operativas] [http-nio-8080-exec-1] o.a.c.c.C.[Tomcat].[localhost].[/]       : Initializing Spring DispatcherServlet 'dispatcherServlet'
2026-10-07T17:05:11.975-06:00  INFO 14948 --- [gestion-incidencias-operativas] [http-nio-8080-exec-1] o.s.web.servlet.DispatcherServlet        : Initializing Servlet 'dispatcherServlet'
2026-10-07T17:05:11.977-06:00  INFO 14948 --- [gestion-incidencias-operativas] [http-nio-8080-exec-1] o.s.web.servlet.DispatcherServlet        : Completed initialization in 1 ms
2026-10-07T17:05:12.045-06:00  INFO 14948 --- [gestion-incidencias-operativas] [scheduling-1] c.m.b.i.i.pst.client.PstMailClient       : Correo PST omitido desde lectura: <95a0a6bbbae445b09ef5ebb2c83f06d3@centrodesoluciones-gs.com.mx>
2026-10-07T17:05:12.054-06:00  INFO 14948 --- [gestion-incidencias-operativas] [scheduling-1] c.m.b.i.i.pst.client.PstMailClient       : Correo PST omitido desde lectura: <c650de225fa046438bfd2ff54dcd12f0@centrodesoluciones-gs.com.mx>
2026-10-07T17:05:12.070-06:00  INFO 14948 --- [gestion-incidencias-operativas] [scheduling-1] c.m.b.i.i.pst.client.PstMailClient       : Correo PST omitido desde lectura: <0dccac00cd4b4a8c970d55b3504a0441@centrodesoluciones-gs.com.mx>
2026-10-07T17:05:12.081-06:00  INFO 14948 --- [gestion-incidencias-operativas] [scheduling-1] c.m.b.i.i.pst.client.PstMailClient       : Correo PST omitido desde lectura: <3df534c8591948d8a4c395ff9ec7ec7d@centrodesoluciones-gs.com.mx>
2026-10-07T17:05:12.096-06:00  INFO 14948 --- [gestion-incidencias-operativas] [scheduling-1] c.m.b.i.i.pst.client.PstMailClient       : Correo PST omitido desde lectura: <ca7acde1a36e43ed8257be70a5c1aa29@centrodesoluciones-gs.com.mx>
2026-10-07T17:05:12.107-06:00  INFO 14948 --- [gestion-incidencias-operativas] [scheduling-1] c.m.b.i.i.pst.client.PstMailClient       : Correo PST omitido desde lectura: <1e85533144604722829e7cbaec78aa4c@centrodesoluciones-gs.com.mx>
2026-10-07T17:05:12.121-06:00  INFO 14948 --- [gestion-incidencias-operativas] [scheduling-1] c.m.b.i.i.pst.client.PstMailClient       : Correo PST omitido desde lectura: <64cae0ba4ed64ddc80c0483992346924@elektra.com.mx>
2026-10-07T17:05:12.134-06:00  INFO 14948 --- [gestion-incidencias-operativas] [scheduling-1] c.m.b.i.i.pst.client.PstMailClient       : Correo PST omitido desde lectura: <3484a13536a14df3b5b0b37d9dcf6b92@elektra.com.mx>
2026-10-07T17:05:12.147-06:00  INFO 14948 --- [gestion-incidencias-operativas] [scheduling-1] c.m.b.i.i.pst.client.PstMailClient       : Correo PST omitido desde lectura: <f3d430d37a784f3a9275046fe5a268e6@elektra.com.mx>
2026-10-07T17:05:12.148-06:00  INFO 14948 --- [gestion-incidencias-operativas] [scheduling-1] c.m.b.i.i.pst.client.PstMailClient       : Correos leídos desde PST: 0
2026-10-07T17:05:12.148-06:00  INFO 14948 --- [gestion-incidencias-operativas] [scheduling-1] c.m.b.i.i.mail.service.MailService       : Correos pendientes encontrados: 0
2026-10-07T17:06:12.162-06:00  INFO 14948 --- [gestion-incidencias-operativas] [scheduling-1] c.m.b.i.schedule.MailScheduler           : ========================================
2026-10-07T17:06:12.163-06:00  INFO 14948 --- [gestion-incidencias-operativas] [scheduling-1] c.m.b.i.schedule.MailScheduler           : Revisando correos pendientes...
2026-10-07T17:06:12.163-06:00  INFO 14948 --- [gestion-incidencias-operativas] [scheduling-1] c.m.b.i.schedule.MailScheduler           : ========================================
2026-10-07T17:06:12.268-06:00  INFO 14948 --- [gestion-incidencias-operativas] [scheduling-1] c.m.b.i.i.pst.client.PstMailClient       : Carpeta PST encontrada: Incidencias a Asignar
2026-10-07T17:06:12.347-06:00  INFO 14948 --- [gestion-incidencias-operativas] [scheduling-1] c.m.b.i.i.pst.client.PstMailClient       : Correo PST omitido desde lectura: <95a0a6bbbae445b09ef5ebb2c83f06d3@centrodesoluciones-gs.com.mx>
2026-10-07T17:06:12.388-06:00  INFO 14948 --- [gestion-incidencias-operativas] [scheduling-1] c.m.b.i.i.pst.client.PstMailClient       : Correo PST omitido desde lectura: <c650de225fa046438bfd2ff54dcd12f0@centrodesoluciones-gs.com.mx>
2026-10-07T17:06:12.425-06:00  INFO 14948 --- [gestion-incidencias-operativas] [scheduling-1] c.m.b.i.i.pst.client.PstMailClient       : Correo PST omitido desde lectura: <0dccac00cd4b4a8c970d55b3504a0441@centrodesoluciones-gs.com.mx>
2026-10-07T17:06:12.466-06:00  INFO 14948 --- [gestion-incidencias-operativas] [scheduling-1] c.m.b.i.i.pst.client.PstMailClient       : Correo PST omitido desde lectura: <3df534c8591948d8a4c395ff9ec7ec7d@centrodesoluciones-gs.com.mx>
2026-10-07T17:06:12.513-06:00  INFO 14948 --- [gestion-incidencias-operativas] [scheduling-1] c.m.b.i.i.pst.client.PstMailClient       : Correo PST omitido desde lectura: <ca7acde1a36e43ed8257be70a5c1aa29@centrodesoluciones-gs.com.mx>
2026-10-07T17:06:12.539-06:00  INFO 14948 --- [gestion-incidencias-operativas] [scheduling-1] c.m.b.i.i.pst.client.PstMailClient       : Correo PST omitido desde lectura: <1e85533144604722829e7cbaec78aa4c@centrodesoluciones-gs.com.mx>
2026-10-07T17:06:12.558-06:00  INFO 14948 --- [gestion-incidencias-operativas] [scheduling-1] c.m.b.i.i.pst.client.PstMailClient       : Correo PST omitido desde lectura: <64cae0ba4ed64ddc80c0483992346924@elektra.com.mx>
2026-10-07T17:06:12.597-06:00  INFO 14948 --- [gestion-incidencias-operativas] [scheduling-1] c.m.b.i.i.pst.client.PstMailClient       : Correo PST omitido desde lectura: <3484a13536a14df3b5b0b37d9dcf6b92@elektra.com.mx>
2026-10-07T17:06:12.637-06:00  INFO 14948 --- [gestion-incidencias-operativas] [scheduling-1] c.m.b.i.i.pst.client.PstMailClient       : Correo PST omitido desde lectura: <f3d430d37a784f3a9275046fe5a268e6@elektra.com.mx>
2026-10-07T17:06:12.638-06:00  INFO 14948 --- [gestion-incidencias-operativas] [scheduling-1] c.m.b.i.i.pst.client.PstMailClient       : Correos leídos desde PST: 0
2026-10-07T17:06:12.639-06:00  INFO 14948 --- [gestion-incidencias-operativas] [scheduling-1] c.m.b.i.i.mail.service.MailService       : Correos pendientes encontrados: 0
2026-10-07T17:07:12.645-06:00  INFO 14948 --- [gestion-incidencias-operativas] [scheduling-1] c.m.b.i.schedule.MailScheduler           : ========================================
2026-10-07T17:07:12.645-06:00  INFO 14948 --- [gestion-incidencias-operativas] [scheduling-1] c.m.b.i.schedule.MailScheduler           : Revisando correos pendientes...
2026-10-07T17:07:12.645-06:00  INFO 14948 --- [gestion-incidencias-operativas] [scheduling-1] c.m.b.i.schedule.MailScheduler           : ========================================
2026-10-07T17:07:12.711-06:00  INFO 14948 --- [gestion-incidencias-operativas] [scheduling-1] c.m.b.i.i.pst.client.PstMailClient       : Carpeta PST encontrada: Incidencias a Asignar
2026-10-07T17:07:12.753-06:00  INFO 14948 --- [gestion-incidencias-operativas] [scheduling-1] c.m.b.i.i.pst.client.PstMailClient       : Correo PST omitido desde lectura: <95a0a6bbbae445b09ef5ebb2c83f06d3@centrodesoluciones-gs.com.mx>
2026-10-07T17:07:12.784-06:00  INFO 14948 --- [gestion-incidencias-operativas] [scheduling-1] c.m.b.i.i.pst.client.PstMailClient       : Correo PST omitido desde lectura: <c650de225fa046438bfd2ff54dcd12f0@centrodesoluciones-gs.com.mx>
2026-10-07T17:07:12.808-06:00  INFO 14948 --- [gestion-incidencias-operativas] [scheduling-1] c.m.b.i.i.pst.client.PstMailClient       : Correo PST omitido desde lectura: <0dccac00cd4b4a8c970d55b3504a0441@centrodesoluciones-gs.com.mx>
2026-10-07T17:07:12.830-06:00  INFO 14948 --- [gestion-incidencias-operativas] [scheduling-1] c.m.b.i.i.pst.client.PstMailClient       : Correo PST omitido desde lectura: <3df534c8591948d8a4c395ff9ec7ec7d@centrodesoluciones-gs.com.mx>
2026-10-07T17:07:12.858-06:00  INFO 14948 --- [gestion-incidencias-operativas] [scheduling-1] c.m.b.i.i.pst.client.PstMailClient       : Correo PST omitido desde lectura: <ca7acde1a36e43ed8257be70a5c1aa29@centrodesoluciones-gs.com.mx>
2026-10-07T17:07:12.880-06:00  INFO 14948 --- [gestion-incidencias-operativas] [scheduling-1] c.m.b.i.i.pst.client.PstMailClient       : Correo PST omitido desde lectura: <1e85533144604722829e7cbaec78aa4c@centrodesoluciones-gs.com.mx>
2026-10-07T17:07:12.899-06:00  INFO 14948 --- [gestion-incidencias-operativas] [scheduling-1] c.m.b.i.i.pst.client.PstMailClient       : Correo PST omitido desde lectura: <64cae0ba4ed64ddc80c0483992346924@elektra.com.mx>
2026-10-07T17:07:12.917-06:00  INFO 14948 --- [gestion-incidencias-operativas] [scheduling-1] c.m.b.i.i.pst.client.PstMailClient       : Correo PST omitido desde lectura: <3484a13536a14df3b5b0b37d9dcf6b92@elektra.com.mx>
2026-10-07T17:07:12.935-06:00  INFO 14948 --- [gestion-incidencias-operativas] [scheduling-1] c.m.b.i.i.pst.client.PstMailClient       : Correo PST omitido desde lectura: <f3d430d37a784f3a9275046fe5a268e6@elektra.com.mx>
2026-10-07T17:07:12.936-06:00  INFO 14948 --- [gestion-incidencias-operativas] [scheduling-1] c.m.b.i.i.pst.client.PstMailClient       : Correos leídos desde PST: 0
2026-10-07T17:07:12.936-06:00  INFO 14948 --- [gestion-incidencias-operativas] [scheduling-1] c.m.b.i.i.mail.service.MailService       : Correos pendientes encontrados: 0
2026-10-07T17:08:12.954-06:00  INFO 14948 --- [gestion-incidencias-operativas] [scheduling-1] c.m.b.i.schedule.MailScheduler           : ========================================
2026-10-07T17:08:12.955-06:00  INFO 14948 --- [gestion-incidencias-operativas] [scheduling-1] c.m.b.i.schedule.MailScheduler           : Revisando correos pendientes...
2026-10-07T17:08:12.956-06:00  INFO 14948 --- [gestion-incidencias-operativas] [scheduling-1] c.m.b.i.schedule.MailScheduler           : ========================================
2026-10-07T17:08:13.068-06:00  INFO 14948 --- [gestion-incidencias-operativas] [scheduling-1] c.m.b.i.i.pst.client.PstMailClient       : Carpeta PST encontrada: Incidencias a Asignar
2026-10-07T17:08:13.095-06:00  INFO 14948 --- [gestion-incidencias-operativas] [scheduling-1] c.m.b.i.i.pst.client.PstMailClient       : Correo PST omitido desde lectura: <95a0a6bbbae445b09ef5ebb2c83f06d3@centrodesoluciones-gs.com.mx>
2026-10-07T17:08:13.116-06:00  INFO 14948 --- [gestion-incidencias-operativas] [scheduling-1] c.m.b.i.i.pst.client.PstMailClient       : Correo PST omitido desde lectura: <c650de225fa046438bfd2ff54dcd12f0@centrodesoluciones-gs.com.mx>
2026-10-07T17:08:13.136-06:00  INFO 14948 --- [gestion-incidencias-operativas] [scheduling-1] c.m.b.i.i.pst.client.PstMailClient       : Correo PST omitido desde lectura: <0dccac00cd4b4a8c970d55b3504a0441@centrodesoluciones-gs.com.mx>
2026-10-07T17:08:13.168-06:00  INFO 14948 --- [gestion-incidencias-operativas] [scheduling-1] c.m.b.i.i.pst.client.PstMailClient       : Correo PST omitido desde lectura: <3df534c8591948d8a4c395ff9ec7ec7d@centrodesoluciones-gs.com.mx>
2026-10-07T17:08:13.214-06:00  INFO 14948 --- [gestion-incidencias-operativas] [scheduling-1] c.m.b.i.i.pst.client.PstMailClient       : Correo PST omitido desde lectura: <ca7acde1a36e43ed8257be70a5c1aa29@centrodesoluciones-gs.com.mx>
2026-10-07T17:08:13.255-06:00  INFO 14948 --- [gestion-incidencias-operativas] [scheduling-1] c.m.b.i.i.pst.client.PstMailClient       : Correo PST omitido desde lectura: <1e85533144604722829e7cbaec78aa4c@centrodesoluciones-gs.com.mx>
2026-10-07T17:08:13.289-06:00  INFO 14948 --- [gestion-incidencias-operativas] [scheduling-1] c.m.b.i.i.pst.client.PstMailClient       : Correo PST omitido desde lectura: <64cae0ba4ed64ddc80c0483992346924@elektra.com.mx>
2026-10-07T17:08:13.319-06:00  INFO 14948 --- [gestion-incidencias-operativas] [scheduling-1] c.m.b.i.i.pst.client.PstMailClient       : Correo PST omitido desde lectura: <3484a13536a14df3b5b0b37d9dcf6b92@elektra.com.mx>
2026-10-07T17:08:13.348-06:00  INFO 14948 --- [gestion-incidencias-operativas] [scheduling-1] c.m.b.i.i.pst.client.PstMailClient       : Correo PST omitido desde lectura: <f3d430d37a784f3a9275046fe5a268e6@elektra.com.mx>
2026-10-07T17:08:13.349-06:00  INFO 14948 --- [gestion-incidencias-operativas] [scheduling-1] c.m.b.i.i.pst.client.PstMailClient       : Correos leídos desde PST: 0
2026-10-07T17:08:13.349-06:00  INFO 14948 --- [gestion-incidencias-operativas] [scheduling-1] c.m.b.i.i.mail.service.MailService       : Correos pendientes encontrados: 0
2026-10-07T17:09:13.367-06:00  INFO 14948 --- [gestion-incidencias-operativas] [scheduling-1] c.m.b.i.schedule.MailScheduler           : ========================================
2026-10-07T17:09:13.367-06:00  INFO 14948 --- [gestion-incidencias-operativas] [scheduling-1] c.m.b.i.schedule.MailScheduler           : Revisando correos pendientes...
2026-10-07T17:09:13.367-06:00  INFO 14948 --- [gestion-incidencias-operativas] [scheduling-1] c.m.b.i.schedule.MailScheduler           : ========================================
2026-10-07T17:09:13.404-06:00  INFO 14948 --- [gestion-incidencias-operativas] [scheduling-1] c.m.b.i.i.pst.client.PstMailClient       : Carpeta PST encontrada: Incidencias a Asignar
2026-10-07T17:09:13.426-06:00  INFO 14948 --- [gestion-incidencias-operativas] [scheduling-1] c.m.b.i.i.pst.client.PstMailClient       : Correo PST omitido desde lectura: <95a0a6bbbae445b09ef5ebb2c83f06d3@centrodesoluciones-gs.com.mx>
2026-10-07T17:09:13.442-06:00  INFO 14948 --- [gestion-incidencias-operativas] [scheduling-1] c.m.b.i.i.pst.client.PstMailClient       : Correo PST omitido desde lectura: <c650de225fa046438bfd2ff54dcd12f0@centrodesoluciones-gs.com.mx>
2026-10-07T17:09:13.456-06:00  INFO 14948 --- [gestion-incidencias-operativas] [scheduling-1] c.m.b.i.i.pst.client.PstMailClient       : Correo PST omitido desde lectura: <0dccac00cd4b4a8c970d55b3504a0441@centrodesoluciones-gs.com.mx>
2026-10-07T17:09:13.473-06:00  INFO 14948 --- [gestion-incidencias-operativas] [scheduling-1] c.m.b.i.i.pst.client.PstMailClient       : Correo PST omitido desde lectura: <3df534c8591948d8a4c395ff9ec7ec7d@centrodesoluciones-gs.com.mx>
2026-10-07T17:09:13.494-06:00  INFO 14948 --- [gestion-incidencias-operativas] [scheduling-1] c.m.b.i.i.pst.client.PstMailClient       : Correo PST omitido desde lectura: <ca7acde1a36e43ed8257be70a5c1aa29@centrodesoluciones-gs.com.mx>
2026-10-07T17:09:13.515-06:00  INFO 14948 --- [gestion-incidencias-operativas] [scheduling-1] c.m.b.i.i.pst.client.PstMailClient       : Correo PST omitido desde lectura: <1e85533144604722829e7cbaec78aa4c@centrodesoluciones-gs.com.mx>
2026-10-07T17:09:13.535-06:00  INFO 14948 --- [gestion-incidencias-operativas] [scheduling-1] c.m.b.i.i.pst.client.PstMailClient       : Correo PST omitido desde lectura: <64cae0ba4ed64ddc80c0483992346924@elektra.com.mx>
2026-10-07T17:09:13.561-06:00  INFO 14948 --- [gestion-incidencias-operativas] [scheduling-1] c.m.b.i.i.pst.client.PstMailClient       : Correo PST omitido desde lectura: <3484a13536a14df3b5b0b37d9dcf6b92@elektra.com.mx>
2026-10-07T17:09:13.584-06:00  INFO 14948 --- [gestion-incidencias-operativas] [scheduling-1] c.m.b.i.i.pst.client.PstMailClient       : Correo PST omitido desde lectura: <f3d430d37a784f3a9275046fe5a268e6@elektra.com.mx>
2026-10-07T17:09:13.585-06:00  INFO 14948 --- [gestion-incidencias-operativas] [scheduling-1] c.m.b.i.i.pst.client.PstMailClient       : Correos leídos desde PST: 0
2026-10-07T17:09:13.585-06:00  INFO 14948 --- [gestion-incidencias-operativas] [scheduling-1] c.m.b.i.i.mail.service.MailService       : Correos pendientes encontrados: 0
2026-10-07T17:10:13.597-06:00  INFO 14948 --- [gestion-incidencias-operativas] [scheduling-1] c.m.b.i.schedule.MailScheduler           : ========================================
2026-10-07T17:10:13.598-06:00  INFO 14948 --- [gestion-incidencias-operativas] [scheduling-1] c.m.b.i.schedule.MailScheduler           : Revisando correos pendientes...
2026-10-07T17:10:13.598-06:00  INFO 14948 --- [gestion-incidencias-operativas] [scheduling-1] c.m.b.i.schedule.MailScheduler           : ========================================
2026-10-07T17:10:13.636-06:00  INFO 14948 --- [gestion-incidencias-operativas] [scheduling-1] c.m.b.i.i.pst.client.PstMailClient       : Carpeta PST encontrada: Incidencias a Asignar
2026-10-07T17:10:13.652-06:00  INFO 14948 --- [gestion-incidencias-operativas] [scheduling-1] c.m.b.i.i.pst.client.PstMailClient       : Correo PST omitido desde lectura: <95a0a6bbbae445b09ef5ebb2c83f06d3@centrodesoluciones-gs.com.mx>
2026-10-07T17:10:13.665-06:00  INFO 14948 --- [gestion-incidencias-operativas] [scheduling-1] c.m.b.i.i.pst.client.PstMailClient       : Correo PST omitido desde lectura: <c650de225fa046438bfd2ff54dcd12f0@centrodesoluciones-gs.com.mx>
2026-10-07T17:10:13.674-06:00  INFO 14948 --- [gestion-incidencias-operativas] [scheduling-1] c.m.b.i.i.pst.client.PstMailClient       : Correo PST omitido desde lectura: <0dccac00cd4b4a8c970d55b3504a0441@centrodesoluciones-gs.com.mx>
2026-10-07T17:10:13.686-06:00  INFO 14948 --- [gestion-incidencias-operativas] [scheduling-1] c.m.b.i.i.pst.client.PstMailClient       : Correo PST omitido desde lectura: <3df534c8591948d8a4c395ff9ec7ec7d@centrodesoluciones-gs.com.mx>
2026-10-07T17:10:13.699-06:00  INFO 14948 --- [gestion-incidencias-operativas] [scheduling-1] c.m.b.i.i.pst.client.PstMailClient       : Correo PST omitido desde lectura: <ca7acde1a36e43ed8257be70a5c1aa29@centrodesoluciones-gs.com.mx>
2026-10-07T17:10:13.710-06:00  INFO 14948 --- [gestion-incidencias-operativas] [scheduling-1] c.m.b.i.i.pst.client.PstMailClient       : Correo PST omitido desde lectura: <1e85533144604722829e7cbaec78aa4c@centrodesoluciones-gs.com.mx>
2026-10-07T17:10:13.719-06:00  INFO 14948 --- [gestion-incidencias-operativas] [scheduling-1] c.m.b.i.i.pst.client.PstMailClient       : Correo PST omitido desde lectura: <64cae0ba4ed64ddc80c0483992346924@elektra.com.mx>
2026-10-07T17:10:13.729-06:00  INFO 14948 --- [gestion-incidencias-operativas] [scheduling-1] c.m.b.i.i.pst.client.PstMailClient       : Correo PST omitido desde lectura: <3484a13536a14df3b5b0b37d9dcf6b92@elektra.com.mx>
2026-10-07T17:10:13.739-06:00  INFO 14948 --- [gestion-incidencias-operativas] [scheduling-1] c.m.b.i.i.pst.client.PstMailClient       : Correo PST omitido desde lectura: <f3d430d37a784f3a9275046fe5a268e6@elektra.com.mx>
2026-10-07T17:10:13.740-06:00  INFO 14948 --- [gestion-incidencias-operativas] [scheduling-1] c.m.b.i.i.pst.client.PstMailClient       : Correos leídos desde PST: 0
2026-10-07T17:10:13.740-06:00  INFO 14948 --- [gestion-incidencias-operativas] [scheduling-1] c.m.b.i.i.mail.service.MailService       : Correos pendientes encontrados: 0
2026-10-07T17:11:09.534-06:00  INFO 14948 --- [gestion-incidencias-operativas] [RMI TCP Connection(7)-192.168.0.197] inMXBeanRegistrar$SpringApplicationAdmin : Application shutdown requested.
2026-10-07T17:11:09.541-06:00  INFO 14948 --- [gestion-incidencias-operativas] [RMI TCP Connection(7)-192.168.0.197] o.s.b.w.e.tomcat.GracefulShutdown        : Commencing graceful shutdown. Waiting for active requests to complete
2026-10-07T17:11:09.566-06:00  INFO 14948 --- [gestion-incidencias-operativas] [tomcat-shutdown] o.s.b.w.e.tomcat.GracefulShutdown        : Graceful shutdown complete
2026-10-07T17:11:09.579-06:00  INFO 14948 --- [gestion-incidencias-operativas] [RMI TCP Connection(7)-192.168.0.197] j.LocalContainerEntityManagerFactoryBean : Closing JPA EntityManagerFactory for persistence unit 'default'
2026-10-07T17:11:09.583-06:00  INFO 14948 --- [gestion-incidencias-operativas] [RMI TCP Connection(7)-192.168.0.197] com.zaxxer.hikari.HikariDataSource       : HikariPool-1 - Shutdown initiated...
2026-10-07T17:11:09.594-06:00  INFO 14948 --- [gestion-incidencias-operativas] [RMI TCP Connection(7)-192.168.0.197] com.zaxxer.hikari.HikariDataSource       : HikariPool-1 - Shutdown completed.
2026-10-07T17:12:53.914-06:00  INFO 30248 --- [gestion-incidencias-operativas] [main] .GestionIncidenciasOperativasApplication : Starting GestionIncidenciasOperativasApplication using Java 21.0.7 with PID 30248 (E:\xfiles\MisProyectos\gestion-incidencias-operativas_ws\gestion-incidencias-operativas\target\classes started by 325934 in E:\xfiles\MisProyectos\gestion-incidencias-operativas_ws\gestion-incidencias-operativas)
2026-10-07T17:12:53.919-06:00  INFO 30248 --- [gestion-incidencias-operativas] [main] .GestionIncidenciasOperativasApplication : The following 1 profile is active: "local"
2026-10-07T17:12:55.117-06:00  INFO 30248 --- [gestion-incidencias-operativas] [main] .s.d.r.c.RepositoryConfigurationDelegate : Bootstrapping Spring Data JPA repositories in DEFAULT mode.
2026-10-07T17:12:55.331-06:00  INFO 30248 --- [gestion-incidencias-operativas] [main] .s.d.r.c.RepositoryConfigurationDelegate : Finished Spring Data repository scanning in 189 ms. Found 8 JPA repository interfaces.
2026-10-07T17:12:55.987-06:00  INFO 30248 --- [gestion-incidencias-operativas] [main] o.s.b.w.embedded.tomcat.TomcatWebServer  : Tomcat initialized with port 8080 (http)
2026-10-07T17:12:56.003-06:00  INFO 30248 --- [gestion-incidencias-operativas] [main] o.apache.catalina.core.StandardService   : Starting service [Tomcat]
2026-10-07T17:12:56.004-06:00  INFO 30248 --- [gestion-incidencias-operativas] [main] o.apache.catalina.core.StandardEngine    : Starting Servlet engine: [Apache Tomcat/10.1.40]
2026-10-07T17:12:56.100-06:00  INFO 30248 --- [gestion-incidencias-operativas] [main] o.a.c.c.C.[Tomcat].[localhost].[/]       : Initializing Spring embedded WebApplicationContext
2026-10-07T17:12:56.101-06:00  INFO 30248 --- [gestion-incidencias-operativas] [main] w.s.c.ServletWebServerApplicationContext : Root WebApplicationContext: initialization completed in 2112 ms
2026-10-07T17:12:56.325-06:00  INFO 30248 --- [gestion-incidencias-operativas] [main] o.hibernate.jpa.internal.util.LogHelper  : HHH000204: Processing PersistenceUnitInfo [name: default]
2026-10-07T17:12:56.379-06:00  INFO 30248 --- [gestion-incidencias-operativas] [main] org.hibernate.Version                    : HHH000412: Hibernate ORM core version 6.6.13.Final
2026-10-07T17:12:56.421-06:00  INFO 30248 --- [gestion-incidencias-operativas] [main] o.h.c.internal.RegionFactoryInitiator    : HHH000026: Second-level cache disabled
2026-10-07T17:12:56.731-06:00  INFO 30248 --- [gestion-incidencias-operativas] [main] o.s.o.j.p.SpringPersistenceUnitInfo      : No LoadTimeWeaver setup: ignoring JPA class transformer
2026-10-07T17:12:56.767-06:00  INFO 30248 --- [gestion-incidencias-operativas] [main] com.zaxxer.hikari.HikariDataSource       : HikariPool-1 - Starting...
2026-10-07T17:12:56.944-06:00  INFO 30248 --- [gestion-incidencias-operativas] [main] com.zaxxer.hikari.pool.HikariPool        : HikariPool-1 - Added connection com.mysql.cj.jdbc.ConnectionImpl@31d4b3e8
2026-10-07T17:12:56.946-06:00  INFO 30248 --- [gestion-incidencias-operativas] [main] com.zaxxer.hikari.HikariDataSource       : HikariPool-1 - Start completed.
2026-10-07T17:12:57.045-06:00  INFO 30248 --- [gestion-incidencias-operativas] [main] org.hibernate.orm.connections.pooling    : HHH10001005: Database info:
	Database JDBC URL [Connecting through datasource 'HikariDataSource (HikariPool-1)']
	Database driver: undefined/unknown
	Database version: 9.7.1
	Autocommit mode: undefined/unknown
	Isolation level: undefined/unknown
	Minimum pool size: undefined/unknown
	Maximum pool size: undefined/unknown
2026-10-07T17:12:58.369-06:00  INFO 30248 --- [gestion-incidencias-operativas] [main] o.h.e.t.j.p.i.JtaPlatformInitiator       : HHH000489: No JTA platform available (set 'hibernate.transaction.jta.platform' to enable JTA platform integration)
2026-10-07T17:12:58.531-06:00  INFO 30248 --- [gestion-incidencias-operativas] [main] j.LocalContainerEntityManagerFactoryBean : Initialized JPA EntityManagerFactory for persistence unit 'default'
2026-10-07T17:12:59.046-06:00  INFO 30248 --- [gestion-incidencias-operativas] [main] o.s.d.j.r.query.QueryEnhancerFactory     : Hibernate is in classpath; If applicable, HQL parser will be used.
2026-10-07T17:13:02.933-06:00  WARN 30248 --- [gestion-incidencias-operativas] [main] JpaBaseConfiguration$JpaWebConfiguration : spring.jpa.open-in-view is enabled by default. Therefore, database queries may be performed during view rendering. Explicitly configure spring.jpa.open-in-view to disable this warning
2026-10-07T17:13:02.981-06:00  INFO 30248 --- [gestion-incidencias-operativas] [main] r$InitializeUserDetailsManagerConfigurer : Global AuthenticationManager configured with UserDetailsService bean with name usuarioDetailsService
2026-10-07T17:13:03.746-06:00  INFO 30248 --- [gestion-incidencias-operativas] [main] o.s.b.w.embedded.tomcat.TomcatWebServer  : Tomcat started on port 8080 (http) with context path '/'
2026-10-07T17:13:03.758-06:00  INFO 30248 --- [gestion-incidencias-operativas] [main] .GestionIncidenciasOperativasApplication : Started GestionIncidenciasOperativasApplication in 10.56 seconds (process running for 11.353)
2026-10-07T17:13:03.763-06:00  INFO 30248 --- [gestion-incidencias-operativas] [scheduling-1] c.m.b.i.schedule.MailScheduler           : ========================================
2026-10-07T17:13:03.764-06:00  INFO 30248 --- [gestion-incidencias-operativas] [scheduling-1] c.m.b.i.schedule.MailScheduler           : Revisando correos pendientes...
2026-10-07T17:13:03.765-06:00  INFO 30248 --- [gestion-incidencias-operativas] [scheduling-1] c.m.b.i.schedule.MailScheduler           : ========================================
2026-10-07T17:13:03.818-06:00  INFO 30248 --- [gestion-incidencias-operativas] [scheduling-1] c.m.b.i.i.pst.client.PstMailClient       : Carpeta PST encontrada: Incidencias a Asignar
2026-10-07T17:13:03.921-06:00  INFO 30248 --- [gestion-incidencias-operativas] [scheduling-1] c.m.b.i.i.pst.client.PstMailClient       : Correo PST omitido desde lectura: <95a0a6bbbae445b09ef5ebb2c83f06d3@centrodesoluciones-gs.com.mx>
2026-10-07T17:13:03.926-06:00  INFO 30248 --- [gestion-incidencias-operativas] [http-nio-8080-exec-1] o.a.c.c.C.[Tomcat].[localhost].[/]       : Initializing Spring DispatcherServlet 'dispatcherServlet'
2026-10-07T17:13:03.926-06:00  INFO 30248 --- [gestion-incidencias-operativas] [http-nio-8080-exec-1] o.s.web.servlet.DispatcherServlet        : Initializing Servlet 'dispatcherServlet'
2026-10-07T17:13:03.929-06:00  INFO 30248 --- [gestion-incidencias-operativas] [http-nio-8080-exec-1] o.s.web.servlet.DispatcherServlet        : Completed initialization in 2 ms
2026-10-07T17:13:03.930-06:00  INFO 30248 --- [gestion-incidencias-operativas] [scheduling-1] c.m.b.i.i.pst.client.PstMailClient       : Correo PST omitido desde lectura: <c650de225fa046438bfd2ff54dcd12f0@centrodesoluciones-gs.com.mx>
2026-10-07T17:13:03.937-06:00  INFO 30248 --- [gestion-incidencias-operativas] [scheduling-1] c.m.b.i.i.pst.client.PstMailClient       : Correo PST omitido desde lectura: <0dccac00cd4b4a8c970d55b3504a0441@centrodesoluciones-gs.com.mx>
2026-10-07T17:13:03.946-06:00  INFO 30248 --- [gestion-incidencias-operativas] [scheduling-1] c.m.b.i.i.pst.client.PstMailClient       : Correo PST omitido desde lectura: <3df534c8591948d8a4c395ff9ec7ec7d@centrodesoluciones-gs.com.mx>
2026-10-07T17:13:03.959-06:00  INFO 30248 --- [gestion-incidencias-operativas] [scheduling-1] c.m.b.i.i.pst.client.PstMailClient       : Correo PST omitido desde lectura: <ca7acde1a36e43ed8257be70a5c1aa29@centrodesoluciones-gs.com.mx>
2026-10-07T17:13:03.968-06:00  INFO 30248 --- [gestion-incidencias-operativas] [scheduling-1] c.m.b.i.i.pst.client.PstMailClient       : Correo PST omitido desde lectura: <1e85533144604722829e7cbaec78aa4c@centrodesoluciones-gs.com.mx>
2026-10-07T17:13:03.976-06:00  INFO 30248 --- [gestion-incidencias-operativas] [scheduling-1] c.m.b.i.i.pst.client.PstMailClient       : Correo PST omitido desde lectura: <64cae0ba4ed64ddc80c0483992346924@elektra.com.mx>
2026-10-07T17:13:03.985-06:00  INFO 30248 --- [gestion-incidencias-operativas] [scheduling-1] c.m.b.i.i.pst.client.PstMailClient       : Correo PST omitido desde lectura: <3484a13536a14df3b5b0b37d9dcf6b92@elektra.com.mx>
2026-10-07T17:13:03.992-06:00  INFO 30248 --- [gestion-incidencias-operativas] [scheduling-1] c.m.b.i.i.pst.client.PstMailClient       : Correo PST omitido desde lectura: <f3d430d37a784f3a9275046fe5a268e6@elektra.com.mx>
2026-10-07T17:13:03.992-06:00  INFO 30248 --- [gestion-incidencias-operativas] [scheduling-1] c.m.b.i.i.pst.client.PstMailClient       : Correos leídos desde PST: 0
2026-10-07T17:13:03.993-06:00  INFO 30248 --- [gestion-incidencias-operativas] [scheduling-1] c.m.b.i.i.mail.service.MailService       : Correos pendientes encontrados: 0
2026-10-07T17:14:03.999-06:00  INFO 30248 --- [gestion-incidencias-operativas] [scheduling-1] c.m.b.i.schedule.MailScheduler           : ========================================
2026-10-07T17:14:03.999-06:00  INFO 30248 --- [gestion-incidencias-operativas] [scheduling-1] c.m.b.i.schedule.MailScheduler           : Revisando correos pendientes...
2026-10-07T17:14:03.999-06:00  INFO 30248 --- [gestion-incidencias-operativas] [scheduling-1] c.m.b.i.schedule.MailScheduler           : ========================================
2026-10-07T17:14:04.037-06:00  INFO 30248 --- [gestion-incidencias-operativas] [scheduling-1] c.m.b.i.i.pst.client.PstMailClient       : Carpeta PST encontrada: Incidencias a Asignar
2026-10-07T17:14:04.053-06:00  INFO 30248 --- [gestion-incidencias-operativas] [scheduling-1] c.m.b.i.i.pst.client.PstMailClient       : Correo PST omitido desde lectura: <95a0a6bbbae445b09ef5ebb2c83f06d3@centrodesoluciones-gs.com.mx>
2026-10-07T17:14:04.072-06:00  INFO 30248 --- [gestion-incidencias-operativas] [scheduling-1] c.m.b.i.i.pst.client.PstMailClient       : Correo PST omitido desde lectura: <c650de225fa046438bfd2ff54dcd12f0@centrodesoluciones-gs.com.mx>
2026-10-07T17:14:04.084-06:00  INFO 30248 --- [gestion-incidencias-operativas] [scheduling-1] c.m.b.i.i.pst.client.PstMailClient       : Correo PST omitido desde lectura: <0dccac00cd4b4a8c970d55b3504a0441@centrodesoluciones-gs.com.mx>
2026-10-07T17:14:04.094-06:00  INFO 30248 --- [gestion-incidencias-operativas] [scheduling-1] c.m.b.i.i.pst.client.PstMailClient       : Correo PST omitido desde lectura: <3df534c8591948d8a4c395ff9ec7ec7d@centrodesoluciones-gs.com.mx>
2026-10-07T17:14:04.109-06:00  INFO 30248 --- [gestion-incidencias-operativas] [scheduling-1] c.m.b.i.i.pst.client.PstMailClient       : Correo PST omitido desde lectura: <ca7acde1a36e43ed8257be70a5c1aa29@centrodesoluciones-gs.com.mx>
2026-10-07T17:14:04.120-06:00  INFO 30248 --- [gestion-incidencias-operativas] [scheduling-1] c.m.b.i.i.pst.client.PstMailClient       : Correo PST omitido desde lectura: <1e85533144604722829e7cbaec78aa4c@centrodesoluciones-gs.com.mx>
2026-10-07T17:14:04.132-06:00  INFO 30248 --- [gestion-incidencias-operativas] [scheduling-1] c.m.b.i.i.pst.client.PstMailClient       : Correo PST omitido desde lectura: <64cae0ba4ed64ddc80c0483992346924@elektra.com.mx>
2026-10-07T17:14:04.148-06:00  INFO 30248 --- [gestion-incidencias-operativas] [scheduling-1] c.m.b.i.i.pst.client.PstMailClient       : Correo PST omitido desde lectura: <3484a13536a14df3b5b0b37d9dcf6b92@elektra.com.mx>
2026-10-07T17:14:04.157-06:00  INFO 30248 --- [gestion-incidencias-operativas] [scheduling-1] c.m.b.i.i.pst.client.PstMailClient       : Correo PST omitido desde lectura: <f3d430d37a784f3a9275046fe5a268e6@elektra.com.mx>
2026-10-07T17:14:04.157-06:00  INFO 30248 --- [gestion-incidencias-operativas] [scheduling-1] c.m.b.i.i.pst.client.PstMailClient       : Correos leídos desde PST: 0
2026-10-07T17:14:04.158-06:00  INFO 30248 --- [gestion-incidencias-operativas] [scheduling-1] c.m.b.i.i.mail.service.MailService       : Correos pendientes encontrados: 0
2026-10-07T17:15:04.174-06:00  INFO 30248 --- [gestion-incidencias-operativas] [scheduling-1] c.m.b.i.schedule.MailScheduler           : ========================================
2026-10-07T17:15:04.174-06:00  INFO 30248 --- [gestion-incidencias-operativas] [scheduling-1] c.m.b.i.schedule.MailScheduler           : Revisando correos pendientes...
2026-10-07T17:15:04.176-06:00  INFO 30248 --- [gestion-incidencias-operativas] [scheduling-1] c.m.b.i.schedule.MailScheduler           : ========================================
2026-10-07T17:15:04.238-06:00  INFO 30248 --- [gestion-incidencias-operativas] [scheduling-1] c.m.b.i.i.pst.client.PstMailClient       : Carpeta PST encontrada: Incidencias a Asignar
2026-10-07T17:15:04.266-06:00  INFO 30248 --- [gestion-incidencias-operativas] [scheduling-1] c.m.b.i.i.pst.client.PstMailClient       : Correo PST omitido desde lectura: <95a0a6bbbae445b09ef5ebb2c83f06d3@centrodesoluciones-gs.com.mx>
2026-10-07T17:15:04.286-06:00  INFO 30248 --- [gestion-incidencias-operativas] [scheduling-1] c.m.b.i.i.pst.client.PstMailClient       : Correo PST omitido desde lectura: <c650de225fa046438bfd2ff54dcd12f0@centrodesoluciones-gs.com.mx>
2026-10-07T17:15:04.301-06:00  INFO 30248 --- [gestion-incidencias-operativas] [scheduling-1] c.m.b.i.i.pst.client.PstMailClient       : Correo PST omitido desde lectura: <0dccac00cd4b4a8c970d55b3504a0441@centrodesoluciones-gs.com.mx>
2026-10-07T17:15:04.321-06:00  INFO 30248 --- [gestion-incidencias-operativas] [scheduling-1] c.m.b.i.i.pst.client.PstMailClient       : Correo PST omitido desde lectura: <3df534c8591948d8a4c395ff9ec7ec7d@centrodesoluciones-gs.com.mx>
2026-10-07T17:15:04.343-06:00  INFO 30248 --- [gestion-incidencias-operativas] [scheduling-1] c.m.b.i.i.pst.client.PstMailClient       : Correo PST omitido desde lectura: <ca7acde1a36e43ed8257be70a5c1aa29@centrodesoluciones-gs.com.mx>
2026-10-07T17:15:04.363-06:00  INFO 30248 --- [gestion-incidencias-operativas] [scheduling-1] c.m.b.i.i.pst.client.PstMailClient       : Correo PST omitido desde lectura: <1e85533144604722829e7cbaec78aa4c@centrodesoluciones-gs.com.mx>
2026-10-07T17:15:04.380-06:00  INFO 30248 --- [gestion-incidencias-operativas] [scheduling-1] c.m.b.i.i.pst.client.PstMailClient       : Correo PST omitido desde lectura: <64cae0ba4ed64ddc80c0483992346924@elektra.com.mx>
2026-10-07T17:15:04.402-06:00  INFO 30248 --- [gestion-incidencias-operativas] [scheduling-1] c.m.b.i.i.pst.client.PstMailClient       : Correo PST omitido desde lectura: <3484a13536a14df3b5b0b37d9dcf6b92@elektra.com.mx>
2026-10-07T17:15:04.420-06:00  INFO 30248 --- [gestion-incidencias-operativas] [scheduling-1] c.m.b.i.i.pst.client.PstMailClient       : Correo PST omitido desde lectura: <f3d430d37a784f3a9275046fe5a268e6@elektra.com.mx>
2026-10-07T17:15:04.421-06:00  INFO 30248 --- [gestion-incidencias-operativas] [scheduling-1] c.m.b.i.i.pst.client.PstMailClient       : Correos leídos desde PST: 0
2026-10-07T17:15:04.422-06:00  INFO 30248 --- [gestion-incidencias-operativas] [scheduling-1] c.m.b.i.i.mail.service.MailService       : Correos pendientes encontrados: 0
2026-10-07T17:16:04.431-06:00  INFO 30248 --- [gestion-incidencias-operativas] [scheduling-1] c.m.b.i.schedule.MailScheduler           : ========================================
2026-10-07T17:16:04.431-06:00  INFO 30248 --- [gestion-incidencias-operativas] [scheduling-1] c.m.b.i.schedule.MailScheduler           : Revisando correos pendientes...
2026-10-07T17:16:04.432-06:00  INFO 30248 --- [gestion-incidencias-operativas] [scheduling-1] c.m.b.i.schedule.MailScheduler           : ========================================
2026-10-07T17:16:04.460-06:00  INFO 30248 --- [gestion-incidencias-operativas] [scheduling-1] c.m.b.i.i.pst.client.PstMailClient       : Carpeta PST encontrada: Incidencias a Asignar
2026-10-07T17:16:04.472-06:00  INFO 30248 --- [gestion-incidencias-operativas] [scheduling-1] c.m.b.i.i.pst.client.PstMailClient       : Correo PST omitido desde lectura: <95a0a6bbbae445b09ef5ebb2c83f06d3@centrodesoluciones-gs.com.mx>
2026-10-07T17:16:04.481-06:00  INFO 30248 --- [gestion-incidencias-operativas] [scheduling-1] c.m.b.i.i.pst.client.PstMailClient       : Correo PST omitido desde lectura: <c650de225fa046438bfd2ff54dcd12f0@centrodesoluciones-gs.com.mx>
2026-10-07T17:16:04.487-06:00  INFO 30248 --- [gestion-incidencias-operativas] [scheduling-1] c.m.b.i.i.pst.client.PstMailClient       : Correo PST omitido desde lectura: <0dccac00cd4b4a8c970d55b3504a0441@centrodesoluciones-gs.com.mx>
2026-10-07T17:16:04.493-06:00  INFO 30248 --- [gestion-incidencias-operativas] [scheduling-1] c.m.b.i.i.pst.client.PstMailClient       : Correo PST omitido desde lectura: <3df534c8591948d8a4c395ff9ec7ec7d@centrodesoluciones-gs.com.mx>
2026-10-07T17:16:04.505-06:00  INFO 30248 --- [gestion-incidencias-operativas] [scheduling-1] c.m.b.i.i.pst.client.PstMailClient       : Correo PST omitido desde lectura: <ca7acde1a36e43ed8257be70a5c1aa29@centrodesoluciones-gs.com.mx>
2026-10-07T17:16:04.514-06:00  INFO 30248 --- [gestion-incidencias-operativas] [scheduling-1] c.m.b.i.i.pst.client.PstMailClient       : Correo PST omitido desde lectura: <1e85533144604722829e7cbaec78aa4c@centrodesoluciones-gs.com.mx>
2026-10-07T17:16:04.521-06:00  INFO 30248 --- [gestion-incidencias-operativas] [scheduling-1] c.m.b.i.i.pst.client.PstMailClient       : Correo PST omitido desde lectura: <64cae0ba4ed64ddc80c0483992346924@elektra.com.mx>
2026-10-07T17:16:04.529-06:00  INFO 30248 --- [gestion-incidencias-operativas] [scheduling-1] c.m.b.i.i.pst.client.PstMailClient       : Correo PST omitido desde lectura: <3484a13536a14df3b5b0b37d9dcf6b92@elektra.com.mx>
2026-10-07T17:16:04.537-06:00  INFO 30248 --- [gestion-incidencias-operativas] [scheduling-1] c.m.b.i.i.pst.client.PstMailClient       : Correo PST omitido desde lectura: <f3d430d37a784f3a9275046fe5a268e6@elektra.com.mx>
2026-10-07T17:16:04.537-06:00  INFO 30248 --- [gestion-incidencias-operativas] [scheduling-1] c.m.b.i.i.pst.client.PstMailClient       : Correos leídos desde PST: 0
2026-10-07T17:16:04.537-06:00  INFO 30248 --- [gestion-incidencias-operativas] [scheduling-1] c.m.b.i.i.mail.service.MailService       : Correos pendientes encontrados: 0
2026-10-07T17:16:48.939-06:00  INFO 30248 --- [gestion-incidencias-operativas] [RMI TCP Connection(5)-192.168.0.197] inMXBeanRegistrar$SpringApplicationAdmin : Application shutdown requested.
2026-10-07T17:16:48.942-06:00  INFO 30248 --- [gestion-incidencias-operativas] [RMI TCP Connection(5)-192.168.0.197] o.s.b.w.e.tomcat.GracefulShutdown        : Commencing graceful shutdown. Waiting for active requests to complete
2026-10-07T17:16:48.953-06:00  INFO 30248 --- [gestion-incidencias-operativas] [tomcat-shutdown] o.s.b.w.e.tomcat.GracefulShutdown        : Graceful shutdown complete
2026-10-07T17:16:48.962-06:00  INFO 30248 --- [gestion-incidencias-operativas] [RMI TCP Connection(5)-192.168.0.197] j.LocalContainerEntityManagerFactoryBean : Closing JPA EntityManagerFactory for persistence unit 'default'
2026-10-07T17:16:48.967-06:00  INFO 30248 --- [gestion-incidencias-operativas] [RMI TCP Connection(5)-192.168.0.197] com.zaxxer.hikari.HikariDataSource       : HikariPool-1 - Shutdown initiated...
2026-10-07T17:16:48.977-06:00  INFO 30248 --- [gestion-incidencias-operativas] [RMI TCP Connection(5)-192.168.0.197] com.zaxxer.hikari.HikariDataSource       : HikariPool-1 - Shutdown completed.
2026-10-07T17:17:23.357-06:00  INFO 26212 --- [gestion-incidencias-operativas] [main] .GestionIncidenciasOperativasApplication : Starting GestionIncidenciasOperativasApplication using Java 21.0.7 with PID 26212 (E:\xfiles\MisProyectos\gestion-incidencias-operativas_ws\gestion-incidencias-operativas\target\classes started by 325934 in E:\xfiles\MisProyectos\gestion-incidencias-operativas_ws\gestion-incidencias-operativas)
2026-10-07T17:17:23.364-06:00  INFO 26212 --- [gestion-incidencias-operativas] [main] .GestionIncidenciasOperativasApplication : The following 1 profile is active: "local"
2026-10-07T17:17:24.620-06:00  INFO 26212 --- [gestion-incidencias-operativas] [main] .s.d.r.c.RepositoryConfigurationDelegate : Bootstrapping Spring Data JPA repositories in DEFAULT mode.
2026-10-07T17:17:24.813-06:00  INFO 26212 --- [gestion-incidencias-operativas] [main] .s.d.r.c.RepositoryConfigurationDelegate : Finished Spring Data repository scanning in 181 ms. Found 8 JPA repository interfaces.
2026-10-07T17:17:25.574-06:00  INFO 26212 --- [gestion-incidencias-operativas] [main] o.s.b.w.embedded.tomcat.TomcatWebServer  : Tomcat initialized with port 8080 (http)
2026-10-07T17:17:25.593-06:00  INFO 26212 --- [gestion-incidencias-operativas] [main] o.apache.catalina.core.StandardService   : Starting service [Tomcat]
2026-10-07T17:17:25.593-06:00  INFO 26212 --- [gestion-incidencias-operativas] [main] o.apache.catalina.core.StandardEngine    : Starting Servlet engine: [Apache Tomcat/10.1.40]
2026-10-07T17:17:25.689-06:00  INFO 26212 --- [gestion-incidencias-operativas] [main] o.a.c.c.C.[Tomcat].[localhost].[/]       : Initializing Spring embedded WebApplicationContext
2026-10-07T17:17:25.691-06:00  INFO 26212 --- [gestion-incidencias-operativas] [main] w.s.c.ServletWebServerApplicationContext : Root WebApplicationContext: initialization completed in 2241 ms
2026-10-07T17:17:25.964-06:00  INFO 26212 --- [gestion-incidencias-operativas] [main] o.hibernate.jpa.internal.util.LogHelper  : HHH000204: Processing PersistenceUnitInfo [name: default]
2026-10-07T17:17:26.024-06:00  INFO 26212 --- [gestion-incidencias-operativas] [main] org.hibernate.Version                    : HHH000412: Hibernate ORM core version 6.6.13.Final
2026-10-07T17:17:26.087-06:00  INFO 26212 --- [gestion-incidencias-operativas] [main] o.h.c.internal.RegionFactoryInitiator    : HHH000026: Second-level cache disabled
2026-10-07T17:17:26.447-06:00  INFO 26212 --- [gestion-incidencias-operativas] [main] o.s.o.j.p.SpringPersistenceUnitInfo      : No LoadTimeWeaver setup: ignoring JPA class transformer
2026-10-07T17:17:26.487-06:00  INFO 26212 --- [gestion-incidencias-operativas] [main] com.zaxxer.hikari.HikariDataSource       : HikariPool-1 - Starting...
2026-10-07T17:17:26.665-06:00  INFO 26212 --- [gestion-incidencias-operativas] [main] com.zaxxer.hikari.pool.HikariPool        : HikariPool-1 - Added connection com.mysql.cj.jdbc.ConnectionImpl@7254838
2026-10-07T17:17:26.668-06:00  INFO 26212 --- [gestion-incidencias-operativas] [main] com.zaxxer.hikari.HikariDataSource       : HikariPool-1 - Start completed.
2026-10-07T17:17:26.755-06:00  INFO 26212 --- [gestion-incidencias-operativas] [main] org.hibernate.orm.connections.pooling    : HHH10001005: Database info:
	Database JDBC URL [Connecting through datasource 'HikariDataSource (HikariPool-1)']
	Database driver: undefined/unknown
	Database version: 9.7.1
	Autocommit mode: undefined/unknown
	Isolation level: undefined/unknown
	Minimum pool size: undefined/unknown
	Maximum pool size: undefined/unknown
2026-10-07T17:17:28.097-06:00  INFO 26212 --- [gestion-incidencias-operativas] [main] o.h.e.t.j.p.i.JtaPlatformInitiator       : HHH000489: No JTA platform available (set 'hibernate.transaction.jta.platform' to enable JTA platform integration)
2026-10-07T17:17:28.273-06:00  INFO 26212 --- [gestion-incidencias-operativas] [main] j.LocalContainerEntityManagerFactoryBean : Initialized JPA EntityManagerFactory for persistence unit 'default'
2026-10-07T17:17:28.699-06:00  INFO 26212 --- [gestion-incidencias-operativas] [main] o.s.d.j.r.query.QueryEnhancerFactory     : Hibernate is in classpath; If applicable, HQL parser will be used.
2026-10-07T17:17:32.182-06:00  WARN 26212 --- [gestion-incidencias-operativas] [main] JpaBaseConfiguration$JpaWebConfiguration : spring.jpa.open-in-view is enabled by default. Therefore, database queries may be performed during view rendering. Explicitly configure spring.jpa.open-in-view to disable this warning
2026-10-07T17:17:32.222-06:00  INFO 26212 --- [gestion-incidencias-operativas] [main] r$InitializeUserDetailsManagerConfigurer : Global AuthenticationManager configured with UserDetailsService bean with name usuarioDetailsService
2026-10-07T17:17:33.107-06:00  INFO 26212 --- [gestion-incidencias-operativas] [main] o.s.b.w.embedded.tomcat.TomcatWebServer  : Tomcat started on port 8080 (http) with context path '/'
2026-10-07T17:17:33.122-06:00  INFO 26212 --- [gestion-incidencias-operativas] [main] .GestionIncidenciasOperativasApplication : Started GestionIncidenciasOperativasApplication in 10.465 seconds (process running for 11.462)
2026-10-07T17:17:33.130-06:00  INFO 26212 --- [gestion-incidencias-operativas] [scheduling-1] c.m.b.i.schedule.MailScheduler           : ========================================
2026-10-07T17:17:33.130-06:00  INFO 26212 --- [gestion-incidencias-operativas] [scheduling-1] c.m.b.i.schedule.MailScheduler           : Revisando correos pendientes...
2026-10-07T17:17:33.131-06:00  INFO 26212 --- [gestion-incidencias-operativas] [scheduling-1] c.m.b.i.schedule.MailScheduler           : ========================================
2026-10-07T17:17:33.225-06:00  INFO 26212 --- [gestion-incidencias-operativas] [scheduling-1] c.m.b.i.i.pst.client.PstMailClient       : Carpeta PST encontrada: Incidencias a Asignar
2026-10-07T17:17:33.291-06:00  INFO 26212 --- [gestion-incidencias-operativas] [http-nio-8080-exec-2] o.a.c.c.C.[Tomcat].[localhost].[/]       : Initializing Spring DispatcherServlet 'dispatcherServlet'
2026-10-07T17:17:33.291-06:00  INFO 26212 --- [gestion-incidencias-operativas] [http-nio-8080-exec-2] o.s.web.servlet.DispatcherServlet        : Initializing Servlet 'dispatcherServlet'
2026-10-07T17:17:33.293-06:00  INFO 26212 --- [gestion-incidencias-operativas] [http-nio-8080-exec-2] o.s.web.servlet.DispatcherServlet        : Completed initialization in 2 ms
2026-10-07T17:17:33.383-06:00  INFO 26212 --- [gestion-incidencias-operativas] [scheduling-1] c.m.b.i.i.pst.client.PstMailClient       : Correo PST omitido desde lectura: <95a0a6bbbae445b09ef5ebb2c83f06d3@centrodesoluciones-gs.com.mx>
2026-10-07T17:17:33.396-06:00  INFO 26212 --- [gestion-incidencias-operativas] [scheduling-1] c.m.b.i.i.pst.client.PstMailClient       : Correo PST omitido desde lectura: <c650de225fa046438bfd2ff54dcd12f0@centrodesoluciones-gs.com.mx>
2026-10-07T17:17:33.407-06:00  INFO 26212 --- [gestion-incidencias-operativas] [scheduling-1] c.m.b.i.i.pst.client.PstMailClient       : Correo PST omitido desde lectura: <0dccac00cd4b4a8c970d55b3504a0441@centrodesoluciones-gs.com.mx>
2026-10-07T17:17:33.428-06:00  INFO 26212 --- [gestion-incidencias-operativas] [scheduling-1] c.m.b.i.i.pst.client.PstMailClient       : Correo PST omitido desde lectura: <3df534c8591948d8a4c395ff9ec7ec7d@centrodesoluciones-gs.com.mx>
2026-10-07T17:17:33.445-06:00  INFO 26212 --- [gestion-incidencias-operativas] [scheduling-1] c.m.b.i.i.pst.client.PstMailClient       : Correo PST omitido desde lectura: <ca7acde1a36e43ed8257be70a5c1aa29@centrodesoluciones-gs.com.mx>
2026-10-07T17:17:33.456-06:00  INFO 26212 --- [gestion-incidencias-operativas] [scheduling-1] c.m.b.i.i.pst.client.PstMailClient       : Correo PST omitido desde lectura: <1e85533144604722829e7cbaec78aa4c@centrodesoluciones-gs.com.mx>
2026-10-07T17:17:33.468-06:00  INFO 26212 --- [gestion-incidencias-operativas] [scheduling-1] c.m.b.i.i.pst.client.PstMailClient       : Correo PST omitido desde lectura: <64cae0ba4ed64ddc80c0483992346924@elektra.com.mx>
2026-10-07T17:17:33.478-06:00  INFO 26212 --- [gestion-incidencias-operativas] [scheduling-1] c.m.b.i.i.pst.client.PstMailClient       : Correo PST omitido desde lectura: <3484a13536a14df3b5b0b37d9dcf6b92@elektra.com.mx>
2026-10-07T17:17:33.488-06:00  INFO 26212 --- [gestion-incidencias-operativas] [scheduling-1] c.m.b.i.i.pst.client.PstMailClient       : Correo PST omitido desde lectura: <f3d430d37a784f3a9275046fe5a268e6@elektra.com.mx>
2026-10-07T17:17:33.488-06:00  INFO 26212 --- [gestion-incidencias-operativas] [scheduling-1] c.m.b.i.i.pst.client.PstMailClient       : Correos leídos desde PST: 0
2026-10-07T17:17:33.488-06:00  INFO 26212 --- [gestion-incidencias-operativas] [scheduling-1] c.m.b.i.i.mail.service.MailService       : Correos pendientes encontrados: 0
2026-10-07T17:18:33.507-06:00  INFO 26212 --- [gestion-incidencias-operativas] [scheduling-1] c.m.b.i.schedule.MailScheduler           : ========================================
2026-10-07T17:18:33.509-06:00  INFO 26212 --- [gestion-incidencias-operativas] [scheduling-1] c.m.b.i.schedule.MailScheduler           : Revisando correos pendientes...
2026-10-07T17:18:33.510-06:00  INFO 26212 --- [gestion-incidencias-operativas] [scheduling-1] c.m.b.i.schedule.MailScheduler           : ========================================
2026-10-07T17:18:33.661-06:00  INFO 26212 --- [gestion-incidencias-operativas] [scheduling-1] c.m.b.i.i.pst.client.PstMailClient       : Carpeta PST encontrada: Incidencias a Asignar
2026-10-07T17:18:33.717-06:00  INFO 26212 --- [gestion-incidencias-operativas] [scheduling-1] c.m.b.i.i.pst.client.PstMailClient       : Correo PST omitido desde lectura: <95a0a6bbbae445b09ef5ebb2c83f06d3@centrodesoluciones-gs.com.mx>
2026-10-07T17:18:33.753-06:00  INFO 26212 --- [gestion-incidencias-operativas] [scheduling-1] c.m.b.i.i.pst.client.PstMailClient       : Correo PST omitido desde lectura: <c650de225fa046438bfd2ff54dcd12f0@centrodesoluciones-gs.com.mx>
2026-10-07T17:18:33.787-06:00  INFO 26212 --- [gestion-incidencias-operativas] [scheduling-1] c.m.b.i.i.pst.client.PstMailClient       : Correo PST omitido desde lectura: <0dccac00cd4b4a8c970d55b3504a0441@centrodesoluciones-gs.com.mx>
2026-10-07T17:18:33.828-06:00  INFO 26212 --- [gestion-incidencias-operativas] [scheduling-1] c.m.b.i.i.pst.client.PstMailClient       : Correo PST omitido desde lectura: <3df534c8591948d8a4c395ff9ec7ec7d@centrodesoluciones-gs.com.mx>
2026-10-07T17:18:33.878-06:00  INFO 26212 --- [gestion-incidencias-operativas] [scheduling-1] c.m.b.i.i.pst.client.PstMailClient       : Correo PST omitido desde lectura: <ca7acde1a36e43ed8257be70a5c1aa29@centrodesoluciones-gs.com.mx>
2026-10-07T17:18:33.895-06:00  INFO 26212 --- [gestion-incidencias-operativas] [scheduling-1] c.m.b.i.i.pst.client.PstMailClient       : Correo PST omitido desde lectura: <1e85533144604722829e7cbaec78aa4c@centrodesoluciones-gs.com.mx>
2026-10-07T17:18:33.918-06:00  INFO 26212 --- [gestion-incidencias-operativas] [scheduling-1] c.m.b.i.i.pst.client.PstMailClient       : Correo PST omitido desde lectura: <64cae0ba4ed64ddc80c0483992346924@elektra.com.mx>
2026-10-07T17:18:33.938-06:00  INFO 26212 --- [gestion-incidencias-operativas] [scheduling-1] c.m.b.i.i.pst.client.PstMailClient       : Correo PST omitido desde lectura: <3484a13536a14df3b5b0b37d9dcf6b92@elektra.com.mx>
2026-10-07T17:18:33.958-06:00  INFO 26212 --- [gestion-incidencias-operativas] [scheduling-1] c.m.b.i.i.pst.client.PstMailClient       : Correo PST omitido desde lectura: <f3d430d37a784f3a9275046fe5a268e6@elektra.com.mx>
2026-10-07T17:18:33.959-06:00  INFO 26212 --- [gestion-incidencias-operativas] [scheduling-1] c.m.b.i.i.pst.client.PstMailClient       : Correos leídos desde PST: 0
2026-10-07T17:18:33.959-06:00  INFO 26212 --- [gestion-incidencias-operativas] [scheduling-1] c.m.b.i.i.mail.service.MailService       : Correos pendientes encontrados: 0
2026-10-07T17:19:24.854-06:00  INFO 26212 --- [gestion-incidencias-operativas] [RMI TCP Connection(3)-192.168.0.197] inMXBeanRegistrar$SpringApplicationAdmin : Application shutdown requested.
2026-10-07T17:19:24.858-06:00  INFO 26212 --- [gestion-incidencias-operativas] [RMI TCP Connection(3)-192.168.0.197] o.s.b.w.e.tomcat.GracefulShutdown        : Commencing graceful shutdown. Waiting for active requests to complete
2026-10-07T17:19:24.871-06:00  INFO 26212 --- [gestion-incidencias-operativas] [tomcat-shutdown] o.s.b.w.e.tomcat.GracefulShutdown        : Graceful shutdown complete
2026-10-07T17:19:24.880-06:00  INFO 26212 --- [gestion-incidencias-operativas] [RMI TCP Connection(3)-192.168.0.197] j.LocalContainerEntityManagerFactoryBean : Closing JPA EntityManagerFactory for persistence unit 'default'
2026-10-07T17:19:24.883-06:00  INFO 26212 --- [gestion-incidencias-operativas] [RMI TCP Connection(3)-192.168.0.197] com.zaxxer.hikari.HikariDataSource       : HikariPool-1 - Shutdown initiated...
2026-10-07T17:19:24.894-06:00  INFO 26212 --- [gestion-incidencias-operativas] [RMI TCP Connection(3)-192.168.0.197] com.zaxxer.hikari.HikariDataSource       : HikariPool-1 - Shutdown completed.
2026-10-07T17:22:08.337-06:00  INFO 1544 --- [gestion-incidencias-operativas] [main] ionIncidenciasOperativasApplicationTests : Starting GestionIncidenciasOperativasApplicationTests using Java 21.0.7 with PID 1544 (started by 325934 in E:\xfiles\MisProyectos\gestion-incidencias-operativas_ws\gestion-incidencias-operativas)
2026-10-07T17:22:08.350-06:00  INFO 1544 --- [gestion-incidencias-operativas] [main] ionIncidenciasOperativasApplicationTests : The following 1 profile is active: "local"
2026-10-07T17:22:10.060-06:00  INFO 1544 --- [gestion-incidencias-operativas] [main] .s.d.r.c.RepositoryConfigurationDelegate : Bootstrapping Spring Data JPA repositories in DEFAULT mode.
2026-10-07T17:22:10.362-06:00  INFO 1544 --- [gestion-incidencias-operativas] [main] .s.d.r.c.RepositoryConfigurationDelegate : Finished Spring Data repository scanning in 282 ms. Found 8 JPA repository interfaces.
2026-10-07T17:22:11.441-06:00  INFO 1544 --- [gestion-incidencias-operativas] [main] o.hibernate.jpa.internal.util.LogHelper  : HHH000204: Processing PersistenceUnitInfo [name: default]
2026-10-07T17:22:11.563-06:00  INFO 1544 --- [gestion-incidencias-operativas] [main] org.hibernate.Version                    : HHH000412: Hibernate ORM core version 6.6.13.Final
2026-10-07T17:22:11.660-06:00  INFO 1544 --- [gestion-incidencias-operativas] [main] o.h.c.internal.RegionFactoryInitiator    : HHH000026: Second-level cache disabled
2026-10-07T17:22:12.316-06:00  INFO 1544 --- [gestion-incidencias-operativas] [main] o.s.o.j.p.SpringPersistenceUnitInfo      : No LoadTimeWeaver setup: ignoring JPA class transformer
2026-10-07T17:22:12.362-06:00  INFO 1544 --- [gestion-incidencias-operativas] [main] com.zaxxer.hikari.HikariDataSource       : HikariPool-1 - Starting...
2026-10-07T17:22:12.639-06:00  INFO 1544 --- [gestion-incidencias-operativas] [main] com.zaxxer.hikari.pool.HikariPool        : HikariPool-1 - Added connection com.mysql.cj.jdbc.ConnectionImpl@7079f8f0
2026-10-07T17:22:12.643-06:00  INFO 1544 --- [gestion-incidencias-operativas] [main] com.zaxxer.hikari.HikariDataSource       : HikariPool-1 - Start completed.
2026-10-07T17:22:12.764-06:00  INFO 1544 --- [gestion-incidencias-operativas] [main] org.hibernate.orm.connections.pooling    : HHH10001005: Database info:
	Database JDBC URL [Connecting through datasource 'HikariDataSource (HikariPool-1)']
	Database driver: undefined/unknown
	Database version: 9.7.1
	Autocommit mode: undefined/unknown
	Isolation level: undefined/unknown
	Minimum pool size: undefined/unknown
	Maximum pool size: undefined/unknown
2026-10-07T17:22:14.982-06:00  INFO 1544 --- [gestion-incidencias-operativas] [main] o.h.e.t.j.p.i.JtaPlatformInitiator       : HHH000489: No JTA platform available (set 'hibernate.transaction.jta.platform' to enable JTA platform integration)
2026-10-07T17:22:15.260-06:00  INFO 1544 --- [gestion-incidencias-operativas] [main] j.LocalContainerEntityManagerFactoryBean : Initialized JPA EntityManagerFactory for persistence unit 'default'
2026-10-07T17:22:16.446-06:00  INFO 1544 --- [gestion-incidencias-operativas] [main] o.s.d.j.r.query.QueryEnhancerFactory     : Hibernate is in classpath; If applicable, HQL parser will be used.
2026-10-07T17:22:22.751-06:00  WARN 1544 --- [gestion-incidencias-operativas] [main] JpaBaseConfiguration$JpaWebConfiguration : spring.jpa.open-in-view is enabled by default. Therefore, database queries may be performed during view rendering. Explicitly configure spring.jpa.open-in-view to disable this warning
2026-10-07T17:22:22.868-06:00  INFO 1544 --- [gestion-incidencias-operativas] [main] r$InitializeUserDetailsManagerConfigurer : Global AuthenticationManager configured with UserDetailsService bean with name usuarioDetailsService
2026-10-07T17:22:24.515-06:00  INFO 1544 --- [gestion-incidencias-operativas] [main] ionIncidenciasOperativasApplicationTests : Started GestionIncidenciasOperativasApplicationTests in 16.691 seconds (process running for 18.689)
2026-10-07T17:22:24.529-06:00  INFO 1544 --- [gestion-incidencias-operativas] [scheduling-1] c.m.b.i.schedule.MailScheduler           : ========================================
2026-10-07T17:22:24.530-06:00  INFO 1544 --- [gestion-incidencias-operativas] [scheduling-1] c.m.b.i.schedule.MailScheduler           : Revisando correos pendientes...
2026-10-07T17:22:24.530-06:00  INFO 1544 --- [gestion-incidencias-operativas] [scheduling-1] c.m.b.i.schedule.MailScheduler           : ========================================
2026-10-07T17:22:24.759-06:00  INFO 1544 --- [gestion-incidencias-operativas] [scheduling-1] c.m.b.i.i.pst.client.PstMailClient       : Carpeta PST encontrada: Incidencias a Asignar
2026-10-07T17:22:25.034-06:00  INFO 1544 --- [gestion-incidencias-operativas] [scheduling-1] c.m.b.i.i.pst.client.PstMailClient       : Correo PST omitido desde lectura: <95a0a6bbbae445b09ef5ebb2c83f06d3@centrodesoluciones-gs.com.mx>
2026-10-07T17:22:25.060-06:00  INFO 1544 --- [gestion-incidencias-operativas] [scheduling-1] c.m.b.i.i.pst.client.PstMailClient       : Correo PST omitido desde lectura: <c650de225fa046438bfd2ff54dcd12f0@centrodesoluciones-gs.com.mx>
2026-10-07T17:22:25.087-06:00  INFO 1544 --- [gestion-incidencias-operativas] [scheduling-1] c.m.b.i.i.pst.client.PstMailClient       : Correo PST omitido desde lectura: <0dccac00cd4b4a8c970d55b3504a0441@centrodesoluciones-gs.com.mx>
2026-10-07T17:22:25.119-06:00  INFO 1544 --- [gestion-incidencias-operativas] [scheduling-1] c.m.b.i.i.pst.client.PstMailClient       : Correo PST omitido desde lectura: <3df534c8591948d8a4c395ff9ec7ec7d@centrodesoluciones-gs.com.mx>
2026-10-07T17:22:25.163-06:00  INFO 1544 --- [gestion-incidencias-operativas] [scheduling-1] c.m.b.i.i.pst.client.PstMailClient       : Correo PST omitido desde lectura: <ca7acde1a36e43ed8257be70a5c1aa29@centrodesoluciones-gs.com.mx>
2026-10-07T17:22:25.198-06:00  INFO 1544 --- [gestion-incidencias-operativas] [scheduling-1] c.m.b.i.i.pst.client.PstMailClient       : Correo PST omitido desde lectura: <1e85533144604722829e7cbaec78aa4c@centrodesoluciones-gs.com.mx>
2026-10-07T17:22:25.218-06:00  INFO 1544 --- [gestion-incidencias-operativas] [scheduling-1] c.m.b.i.i.pst.client.PstMailClient       : Correo PST omitido desde lectura: <64cae0ba4ed64ddc80c0483992346924@elektra.com.mx>
2026-10-07T17:22:25.253-06:00  INFO 1544 --- [gestion-incidencias-operativas] [scheduling-1] c.m.b.i.i.pst.client.PstMailClient       : Correo PST omitido desde lectura: <3484a13536a14df3b5b0b37d9dcf6b92@elektra.com.mx>
2026-10-07T17:22:25.289-06:00  INFO 1544 --- [gestion-incidencias-operativas] [scheduling-1] c.m.b.i.i.pst.client.PstMailClient       : Correo PST omitido desde lectura: <f3d430d37a784f3a9275046fe5a268e6@elektra.com.mx>
2026-10-07T17:22:25.291-06:00  INFO 1544 --- [gestion-incidencias-operativas] [scheduling-1] c.m.b.i.i.pst.client.PstMailClient       : Correos leídos desde PST: 0
2026-10-07T17:22:25.293-06:00  INFO 1544 --- [gestion-incidencias-operativas] [scheduling-1] c.m.b.i.i.mail.service.MailService       : Correos pendientes encontrados: 0
2026-10-07T17:22:28.412-06:00  INFO 1544 --- [gestion-incidencias-operativas] [main] c.m.b.i.i.mail.processor.MailProcessor   : Correo ya procesado, se omite: MAIL-1
2026-10-07T17:22:28.487-06:00  INFO 1544 --- [gestion-incidencias-operativas] [main] c.m.b.i.i.mail.processor.MailProcessor   : Metadata extraída - folio: INC000001, sucursal: null, cliente: null, CU: null, motivo: null
2026-10-07T17:22:28.490-06:00  WARN 1544 --- [gestion-incidencias-operativas] [main] c.m.b.i.i.mail.processor.MailProcessor   : Metadata incompleta para correo MAIL-1. Campos faltantes: [sucursal, clienteUnico, nombreCliente, equipo, motivo]
2026-10-07T17:22:28.495-06:00  INFO 1544 --- [gestion-incidencias-operativas] [main] c.m.b.i.i.mail.processor.MailProcessor   : Correo procesado correctamente. idCorreo: MAIL-1, folio: INC000001
2026-10-07T17:22:28.512-06:00  WARN 1544 --- [gestion-incidencias-operativas] [main] c.m.b.i.i.mail.processor.MailProcessor   : Correo rechazado. idCorreo: MAIL-1, motivo: Asunto obligatorio
2026-10-07T17:22:28.531-06:00  INFO 1544 --- [gestion-incidencias-operativas] [main] c.m.b.i.i.mail.processor.MailProcessor   : Metadata extraída - folio: INC000001, sucursal: 9711 Mega Portal Durango, cliente: MARIA ANTONIA RESENDIZ HERRERA, CU: 0107-09283-2985, motivo: INACTIVIDAD
2026-10-07T17:22:28.535-06:00  INFO 1544 --- [gestion-incidencias-operativas] [main] c.m.b.i.i.mail.processor.MailProcessor   : Correo procesado correctamente. idCorreo: MAIL-1, folio: INC000001
2026-10-07T17:22:28.784-06:00  INFO 1544 --- [gestion-incidencias-operativas] [main] c.m.b.i.schedule.AssignmentService       : Empleado seleccionado para asignación: Nuevo
2026-10-07T17:22:28.793-06:00  INFO 1544 --- [gestion-incidencias-operativas] [main] c.m.b.i.schedule.AssignmentService       : Empleado seleccionado para asignación: Juan
2026-10-07T17:22:29.015-06:00  INFO 1544 --- [gestion-incidencias-operativas] [main] c.m.b.i.s.HistorialIncidenciaService     : Cambio de estado registrado en historial. Folio: INC000024108083, estadoAnterior: RESUELTA, estadoNuevo: REABIERTA, usuario: SISTEMA
2026-10-07T17:22:29.022-06:00  INFO 1544 --- [gestion-incidencias-operativas] [main] c.m.b.i.s.HistorialIncidenciaService     : Cambio de estado registrado en historial. Folio: INC000024108083, estadoAnterior: RESUELTA, estadoNuevo: REABIERTA, usuario: SISTEMA
2026-10-07T17:22:29.049-06:00  INFO 1544 --- [gestion-incidencias-operativas] [main] c.m.b.i.s.HistorialIncidenciaService     : Cambio de estado registrado en historial. Folio: INC000024108083, estadoAnterior: RESUELTA, estadoNuevo: REABIERTA, usuario: SISTEMA
2026-10-07T17:22:29.437-06:00  WARN 1544 --- [gestion-incidencias-operativas] [main] c.m.b.i.service.IncidenciaEstadoService  : Incidencia reabierta automáticamente. Folio: INC000024108083, estadoAnterior: RESUELTA, estadoNuevo: REABIERTA
2026-10-07T17:22:29.731-06:00  INFO 1544 --- [gestion-incidencias-operativas] [main] c.m.b.i.s.SeguimientoIncidenciaService   : Correo registrado como seguimiento. Folio: INC000024108083, idCorreo: null, estadoActual: null, tipoSeguimiento: RESPUESTA, requiereAtencion: false, estadoModificado: false
2026-10-07T17:22:29.778-06:00  INFO 1544 --- [gestion-incidencias-operativas] [main] c.m.b.i.s.SeguimientoIncidenciaService   : Correo registrado como seguimiento. Folio: INC000024108083, idCorreo: null, estadoActual: null, tipoSeguimiento: REASIGNACION, requiereAtencion: true, estadoModificado: false
2026-10-07T17:22:29.801-06:00  INFO 1544 --- [gestion-incidencias-operativas] [main] c.m.b.i.s.SeguimientoIncidenciaService   : Correo registrado como seguimiento. Folio: INC000024108083, idCorreo: null, estadoActual: null, tipoSeguimiento: PERSISTE_ERROR, requiereAtencion: true, estadoModificado: false
2026-10-07T17:22:30.056-06:00  INFO 1544 --- [gestion-incidencias-operativas] [SpringApplicationShutdownHook] j.LocalContainerEntityManagerFactoryBean : Closing JPA EntityManagerFactory for persistence unit 'default'
2026-10-07T17:22:30.070-06:00  INFO 1544 --- [gestion-incidencias-operativas] [SpringApplicationShutdownHook] com.zaxxer.hikari.HikariDataSource       : HikariPool-1 - Shutdown initiated...
2026-10-07T17:22:30.115-06:00  INFO 1544 --- [gestion-incidencias-operativas] [SpringApplicationShutdownHook] com.zaxxer.hikari.HikariDataSource       : HikariPool-1 - Shutdown completed.
